withlag,SSP,temperature,damage
0,SSP1,1.01,0.0
0,SSP1,1.0348427824242,0.0
0,SSP1,1.05984578711708,4.4419286405750213e-05
0,SSP1,1.08500901407864,0.00013292796745889568
0,SSP1,1.11033246330888,0.00026514379240727415
0,SSP1,1.1358161348078,0.0004406971593948761
0,SSP1,1.1614600285754,0.0006592795899162951
0,SSP1,1.18726414461168,0.0009206755969095592
0,SSP1,1.21322848291664,0.001224779877747828
0,SSP1,1.23935304349028,0.001571602807064476
0,SSP1,1.2656378263326,0.001961267462752714
0,SSP1,1.2920828314436,0.002389025651846177
0,SSP1,1.3185976028017,0.00285963436201353
0,SSP1,1.3451821404069,0.003373320577525263
0,SSP1,1.3718364442592001,0.003930395904553796
0,SSP1,1.3985605143586,0.004531239199485171
0,SSP1,1.4253543507051,0.005176280625567298
0,SSP1,1.4522179532987,0.005865987808644002
0,SSP1,1.4791513221394,0.00660085430367352
0,SSP1,1.5061544572272,0.007381390298461854
0,SSP1,1.5332273585621001,0.008208115325899712
0,SSP1,1.5603700261441,0.009078848441071541
0,SSP1,1.5874306219527399,0.009996738865949428
0,SSP1,1.61440914598802,0.010961952782660767
0,SSP1,1.64130559824994,0.01197465301237255
0,SSP1,1.6681199787385,0.013034996207671457
0,SSP1,1.6948522874537,0.014143130752896083
0,SSP1,1.72150252439554,0.015299195221901263
0,SSP1,1.7480706895640201,0.016503317268033557
0,SSP1,1.7745567829591402,0.017755612844432722
0,SSP1,1.8009608045809,0.01905618567322942
0,SSP1,1.8272827544293002,0.02040331259887984
0,SSP1,1.85355182885304,0.021799152255135734
0,SSP1,1.87976802785212,0.02324377078242934
0,SSP1,1.9059313514265401,0.024737231981762253
0,SSP1,1.9320417995763002,0.026279595973592418
0,SSP1,1.9580993723014002,0.027870918050689752
0,SSP1,1.9841040696018402,0.029511247693060794
0,SSP1,2.01005589147762,0.031200627718775298
0,SSP1,2.03595483792874,0.03293909354914937
0,SSP1,2.0618009089552,0.034726672570539074
0,SSP1,2.087594104557,0.03656035848641159
0,SSP1,2.11323946755658,0.03844341951854924
0,SSP1,2.1387369979539397,0.04037552667174049
0,SSP1,2.16408669574908,0.04235635548191352
0,SSP1,2.189288560942,0.04438558342272847
0,SSP1,2.2143425935327,0.046462887715310375
0,SSP1,2.2392487935211802,0.04858794347861517
0,SSP1,2.26400716090744,0.050760422168806496
0,SSP1,2.28861769569148,0.05297999026481959
0,SSP1,2.3130803978733,0.05524630816439213
0,SSP1,2.3373952674528997,0.05755885891099388
0,SSP1,2.3613489722994396,0.059918336067324995
0,SSP1,2.38494151241292,0.062323529035640535
0,SSP1,2.4081728877933397,0.06477326666443495
0,SSP1,2.4310430984407,0.06726640985756305
0,SSP1,2.453552144355,0.06980184543300183
0,SSP1,2.47570002553624,0.07237848101546351
0,SSP1,2.49748674198442,0.0749952407897323
0,SSP1,2.51891229369954,0.07765106197466531
0,SSP1,2.5399766806816,0.08034489190366068
0,SSP1,2.5606799029306,0.08307498480686193
0,SSP1,2.5810871446165002,0.08584196428103374
0,SSP1,2.6011984057393,0.08864476160423007
0,SSP1,2.6210136862990003,0.09148234256953058
0,SSP1,2.6405329862956,0.09435370149595546
0,SSP1,2.6597563057290996,0.09725785622879801
0,SSP1,2.6786836445995,0.1001938439647676
0,SSP1,2.6973150029068,0.1031607177685061
0,SSP1,2.7156503806509997,0.10615754367144659
0,SSP1,2.7336897778321,0.1091833982632584
0,SSP1,2.7514331944501,0.11223904295194576
0,SSP1,2.76892827004826,0.11532325250707265
0,SSP1,2.78617500462658,0.11843494802096033
0,SSP1,2.80317339818506,0.12157310232648944
0,SSP1,2.8199234507237,0.12473673183936151
0,SSP1,2.8364251622424996,0.12792488971635452
0,SSP1,2.85267853274146,0.1311366601086239
0,SSP1,2.8686835622205797,0.13437115333108318
0,SSP1,2.8844402506798597,0.1376275018018427
0,SSP1,2.8999485981193,0.1409048566316642
0,SSP1,2.9152086045389,0.14420238476413205
0,SSP1,2.93022026993866,0.14751926658382808
0,SSP1,2.94498359431858,0.15085469392324424
0,SSP1,2.95949857767866,0.15420786841009426
0,SSP1,2.9737652200188998,0.1575780001056557
0,SSP1,2.9877835213393,0.16096430639216774
0,SSP1,3.00155348163986,0.1643660110734666
0,SSP1,3.01507510092058,0.16778234365817335
0,SSP1,3.02834837918146,0.17121253879907528
0,SSP1,3.0413733164225,0.1746558358659902
0,SSP1,3.0541499126437,0.17812601710404508
0,SSP1,3.0667278360490284,0.1816089273157333
0,SSP1,3.0791070866384844,0.18510369941359595
0,SSP1,3.091287664412068,0.18860950989658876
0,SSP1,3.10326956936978,0.19212557266451724
0,SSP1,3.11505280151162,0.19565113377603027
0,SSP1,3.126637360837588,0.19918546700541273
0,SSP1,3.138023247347684,0.20272787007762783
0,SSP1,3.149210461041908,0.20627766148071802
0,SSP1,3.16019900192026,0.20983417777069868
0,SSP1,3.1709888699827395,0.21341215257475388
0,SSP1,3.181629733433316,0.2169966669334078
0,SSP1,3.192121592271988,0.22058698141480337
0,SSP1,3.202464446498756,0.2241824063186757
0,SSP1,3.21265829611362,0.2277822944089387
0,SSP1,3.2227031411165807,0.23138603475087804
0,SSP1,3.2325989815076364,0.2349930474818256
0,SSP1,3.2423458172867887,0.23860277937315355
0,SSP1,3.251943648454036,0.24221470006489465
0,SSP1,3.26139247500938,0.24582829887337
0,SSP1,3.27069229695282,0.2494590770282208
0,SSP1,3.279892782488324,0.2530916065982334
0,SSP1,3.2889939316158916,0.2567253056152645
0,SSP1,3.297995744335524,0.26035964079963203
0,SSP1,3.30689822064722,0.2639941202345031
0,SSP1,3.31570136055098,0.2676282871478193
0,SSP1,3.324405164046804,0.27126171463122595
0,SSP1,3.3330096311346917,0.27489400115405926
0,SSP1,3.3415147618146435,0.27852476675363813
0,SSP1,3.3499205560866603,0.2821536498020697
0,SSP1,3.3582270139507395,0.28579666145856697
0,SSP1,3.366483803610852,0.28943810501613876
0,SSP1,3.3746909250669956,0.2930775456470007
0,SSP1,3.3828483783191716,0.29671459443977
0,SSP1,3.39095616336738,0.3003489012616126
0,SSP1,3.3990142802116203,0.3039801486937084
0,SSP1,3.407022728851892,0.30760804687618915
0,SSP1,3.4149815092881965,0.3112323291258067
0,SSP1,3.4228906215205326,0.314852748211669
0,SSP1,3.4307500655489003,0.31846907319249507
0,SSP1,3.4385598413733005,0.32209755122029304
0,SSP1,3.4463696171977007,0.3257224586004659
0,SSP1,3.454179393022101,0.3293434872720479
0,SSP1,3.461989168846501,0.3329603720197645
0,SSP1,3.4697989446709006,0.3365728835717108
0,SSP1,3.477608720495301,0.34018082272981287
0,SSP1,3.485418496319701,0.3437840153765723
0,SSP1,3.4932282721441013,0.3473823082271661
0,SSP1,3.5010380479685015,0.35097556521684425
0,SSP1,3.5088478237929017,0.3545636644307444
0,SSP1,3.516657599617301,0.3581464954973992
0,SSP1,3.5244673754417013,0.36172395737899476
0,SSP1,3.5322771512661015,0.36529595650121616
0,SSP1,3.5400869270905018,0.3688624051737479
0,SSP1,3.547896702914902,0.3724232202593567
0,SSP1,3.5557064787393013,0.37597832205531745
0,SSP1,3.5635162545637016,0.3795276333558242
0,SSP1,3.571326030388101,0.38307107866820544
0,SSP1,3.579135806212501,0.38660858355929983
0,SSP1,3.5869455820369005,0.39014007411136664
0,SSP1,3.5947553578613007,0.3936654764695262
0,SSP1,3.6025651336857,0.3971847164649549
0,SSP1,3.6103749095101003,0.4006977193000538
0,SSP1,3.6181846853344997,0.4042044092835394
0,SSP1,3.6259944611589,0.40770470960498173
0,SSP1,3.6338042369832992,0.4111985421397397
0,SSP1,3.6416140128076995,0.41468582727657743
0,SSP1,3.649423788632099,0.4181664837614798
0,SSP1,3.657233564456499,0.42164042855238404
0,SSP1,3.6650433402808984,0.4251075766806547
0,SSP1,3.6728531161052986,0.4285678411162219
0,SSP1,3.680662891929698,0.4320211326343101
0,SSP1,3.688472667754098,0.4354673596826346
0,SSP1,3.6962824435784976,0.43890642824881565
0,SSP1,3.704092219402898,0.44233824172851643
0,SSP1,3.711901995227298,0.44576270079546676
0,SSP1,3.7197117710516974,0.44917970327504875
0,SSP1,3.7275215468760976,0.4525891440234976
0,SSP1,3.735331322700497,0.455990914814999
0,SSP1,3.743141098524897,0.4593849042390503
0,SSP1,3.7509508743492965,0.46277099761039764
0,SSP1,3.7587606501736968,0.46614907689369
0,SSP1,3.766570425998096,0.4695190206447155
0,SSP1,3.7743802018224963,0.4728807039697356
0,SSP1,3.7821899776468957,0.47623399850403203
0,SSP1,3.789999753471296,0.47957877241036495
0,SSP1,3.7978095292956953,0.48291489039762237
0,SSP1,3.8056193051200955,0.486242213759551
0,SSP1,3.813429080944495,0.48956060043311234
0,SSP2,1.01,0.0
0,SSP2,1.036956367471,0.0
0,SSP2,1.06428451374398,4.877260982460996e-05
0,SSP2,1.09198443881894,0.00014632516608337198
0,SSP2,1.12005614269588,0.0002926488310297515
0,SSP2,1.1484996253748,0.00048777071955252715
0,SSP2,1.1773148868557,0.0007317929757095776
0,SSP2,1.20650192713858,0.0010249189800524139
0,SSP2,1.23606074622344,0.001367468140093031
0,SSP2,1.2659913441102801,0.0017598813911667843
0,SSP2,1.2962937207991,0.0022027197253498
0,SSP2,1.3269678762899,0.0026956389658165936
0,SSP2,1.3578552680056002,0.0032403595389967066
0,SSP2,1.3889558959462,0.0038374143552457607
0,SSP2,1.4202697601117,0.004487417803054505
0,SSP2,1.4517968605021,0.005191053919825661
0,SSP2,1.4835371971174,0.0059490652813252165
0,SSP2,1.5154907699576001,0.0067622429178817445
0,SSP2,1.5476575790227,0.007631417390375095
0,SSP2,1.5800376243127001,0.00855745104082617
0,SSP2,1.6126309058276003,0.00954123135828211
0,SSP2,1.6454374235674,0.010580292749274633
0,SSP2,1.6784347376892002,0.011678711574230949
0,SSP2,1.711622848193,0.01283738866059947
0,SSP2,1.7450017550788002,0.014057231228761236
0,SSP2,1.7785714583466001,0.015339149666433016
0,SSP2,1.8123319579964001,0.01668405488468161
0,SSP2,1.8462832540282,0.018092856143760327
0,SSP2,1.8804253464420002,0.019566459252627233
0,SSP2,1.9147582352378003,0.021105765061111503
0,SSP2,1.9492819204156002,0.022711668177520128
0,SSP2,1.9839964019754,0.024378350490373624
0,SSP2,2.01881197427294,0.026112952163399816
0,SSP2,2.05372863730822,0.027916175128078313
0,SSP2,2.08874639108124,0.029788702335677097
0,SSP2,2.1238652355920005,0.03173119728877416
0,SSP2,2.1590851708405,0.0337443036734022
0,SSP2,2.19440619682674,0.0358286450522447
0,SSP2,2.22982831355072,0.037984824589227584
0,SSP2,2.26535152101244,0.0402134247836996
0,SSP2,2.3009758192119003,0.0425150071986482
0,SSP2,2.3367012081491003,0.0448784709573018
0,SSP2,2.37262779152612,0.04731490130264593
0,SSP2,2.40875556934296,0.049825331722093136
0,SSP2,2.44508454159962,0.05241073537418228
0,SSP2,2.4816147082961004,0.0550720295417495
0,SSP2,2.5183460694324005,0.05781007963097662
0,SSP2,2.55527862500852,0.06062570269841383
0,SSP2,2.59241237502446,0.06351967050961194
0,SSP2,2.62974731948022,0.06649271214730978
0,SSP2,2.6672834583758003,0.06954551619610183
0,SSP2,2.7050207917112004,0.0726674863950465
0,SSP2,2.74297986162898,0.07586954332827944
0,SSP2,2.7811606681291403,0.07915255312198344
0,SSP2,2.81956321121168,0.08251730995028117
0,SSP2,2.8581874908766003,0.08596454147280141
0,SSP2,2.8970335071239006,0.08949491353560468
0,SSP2,2.9361012599535803,0.09310903418124283
0,SSP2,2.9753907493656406,0.09680745702212157
0,SSP2,3.0149019753600808,0.10059068403509674
0,SSP2,3.0546349379369007,0.10445916783572606
0,SSP2,3.0945896370961004,0.10840059734880869
0,SSP2,3.13475476477982,0.11242694203265446
0,SSP2,3.1751303209880604,0.11653875332812036
0,SSP2,3.21571630572082,0.12073649381178142
0,SSP2,3.2565127189781,0.12502054379118732
0,SSP2,3.2975195607598993,0.12939120697562378
0,SSP2,3.33873683106622,0.13384871530237397
0,SSP2,3.38016452989706,0.13839323300123918
0,SSP2,3.42180265725242,0.14302485997910686
0,SSP2,3.4636512131323,0.14774363460296724
0,SSP2,3.5057101975367004,0.152537021228208
0,SSP2,3.5480578251210204,0.1574161977779509
0,SSP2,3.5906940958852607,0.16238164150748857
0,SSP2,3.6336190098294203,0.16743371301800614
0,SSP2,3.6768325669535002,0.17257266517037606
0,SSP2,3.7203347672575005,0.17779865075145462
0,SSP2,3.76412561074142,0.18311172901147454
0,SSP2,3.80820509740526,0.18851187119063373
0,SSP2,3.852573227249019,0.19399896514878123
0,SSP2,3.8972300002726996,0.19957281920556502
0,SSP2,3.9421754164762994,0.20523316529056856
0,SSP2,3.9874094758598186,0.2109796614945154
0,SSP2,4.032932178423259,0.21681189410404644
0,SSP2,4.078743524166619,0.22272937919425395
0,SSP2,4.124843513089899,0.2287315638452425
0,SSP2,4.171232145193098,0.23481782704164766
0,SSP2,4.217909420476218,0.24098748030732087
0,SSP2,4.264875338939258,0.247239768121295
0,SSP2,4.312129900582218,0.25357386815569294
0,SSP2,4.359673105405098,0.2599888913713817
0,SSP2,4.407504953407898,0.26650841424298566
0,SSP2,4.455567715954634,0.2731102464249997
0,SSP2,4.503861393045305,0.2797921938165959
0,SSP2,4.552385984679914,0.28655215363254505
0,SSP2,4.601141490858457,0.29338809030993196
0,SSP2,4.650127911580937,0.3002980152420234
0,SSP2,4.699345246847353,0.30727996969856974
0,SSP2,4.748793496657705,0.3143320104155991
0,SSP2,4.798472661011993,0.3214521974347928
0,SSP2,4.8483827399102175,0.3286385838491741
0,SSP2,4.898523733352377,0.33591479379133804
0,SSP2,4.948837912702489,0.3432566904393799
0,SSP2,4.999325277960553,0.3506611555568617
0,SSP2,5.049985829126569,0.3581251936597949
0,SSP2,5.100819566200537,0.36564590477740877
0,SSP2,5.151826489182456,0.3732204617687329
0,SSP2,5.203006598072329,0.3808460914216918
0,SSP2,5.254359892870153,0.3885200587130382
0,SSP2,5.3058863735759285,0.39623965372564385
0,SSP2,5.3575860401896565,0.4040021808124836
0,SSP2,5.409458892711336,0.4118312860127926
0,SSP2,5.461447202504984,0.41970139559390685
0,SSP2,5.5135509695706,0.42760870869679857
0,SSP2,5.565770193908184,0.43554956760774166
0,SSP2,5.618104875517736,0.44352043190205426
0,SSP2,5.670555014399256,0.4515178570174039
0,SSP2,5.723120610552745,0.45953847652073887
0,SSP2,5.7758016639782,0.46757898747265436
0,SSP2,5.828598174675625,0.47563613840270036
0,SSP2,5.881510142645016,0.4837067194958723
0,SSP2,5.934537567886376,0.4918141236215492
0,SSP2,5.98762272176372,0.4999320336189038
0,SSP2,6.040765604277048,0.5080562374355168
0,SSP2,6.09396621542636,0.5161826967212816
0,SSP2,6.147224555211656,0.5243075225310758
0,SSP2,6.200540623632937,0.5324269552200356
0,SSP2,6.253914420690201,0.5405373478455169
0,SSP2,6.307345946383448,0.5486351525152031
0,SSP2,6.36083520071268,0.5567169092201272
0,SSP2,6.414382183677896,0.5647792367705733
0,SSP2,6.467986895279096,0.5728449694786618
0,SSP2,6.521591606880297,0.5808879818765109
0,SSP2,6.575196318481497,0.5889040395856067
0,SSP2,6.628801030082697,0.5968891191593414
0,SSP2,6.682405741683898,0.6048393847181441
0,SSP2,6.736010453285099,0.6127511685253859
0,SSP2,6.789615164886299,0.6206209548622079
0,SSP2,6.843219876487499,0.6284453666729877
0,SSP2,6.896824588088699,0.6362211545438747
0,SSP2,6.9504292996899,0.64394518764981
0,SSP2,7.0040340112911,0.6516144463645418
0,SSP2,7.0576387228923005,0.6592260162762983
0,SSP2,7.111243434493501,0.6667770833912776
0,SSP2,7.164848146094702,0.6742649303396921
0,SSP2,7.218452857695902,0.6816869334261528
0,SSP2,7.272057569297102,0.6890405603887496
0,SSP2,7.325662280898302,0.6963233687501423
0,SSP2,7.379266992499503,0.7035330046599643
0,SSP2,7.4328717041007035,0.710667202141418
0,SSP2,7.486476415701904,0.7177237826665257
0,SSP2,7.540081127303104,0.7247006549944138
0,SSP2,7.593685838904305,0.7315958152155756
0,SSP2,7.647290550505505,0.7384073469524638
0,SSP2,7.700895262106705,0.7451334216732199
0,SSP2,7.7544999737079054,0.7517722990809949
0,SSP2,7.8081046853091065,0.7583223275462859
0,SSP2,7.861709396910307,0.76478194455411
0,SSP2,7.915314108511507,0.7711496771417274
0,SSP2,7.968918820112707,0.7774241423061132
0,SSP2,8.022523531713908,0.7836040473634734
0,SSP2,8.07612824331511,0.7896881902458829
0,SSP2,8.129732954916308,0.7956754597226077
0,SSP2,8.18333766651751,0.8015648355358878
0,SSP2,8.23694237811871,0.8073553884429288
0,SSP2,8.29054708971991,0.8130462801575851
0,SSP2,8.344151801321111,0.8186367631867395
0,SSP2,8.39775651292231,0.8241261805576935
0,SSP2,8.451361224523511,0.8295139654340093
0,SSP2,8.504965936124712,0.8347996406181859
0,SSP2,8.558570647725912,0.8399828179403296
0,SSP2,8.612175359327113,0.8450631975326268
0,SSP2,8.665780070928314,0.850040566989938
0,SSP2,8.719384782529513,0.8549148004172461
0,SSP2,8.772989494130714,0.8596858573650411
0,SSP2,8.826594205731915,0.8643537816539939
0,SSP2,8.880198917333114,0.8689187000905333
0,SSP2,8.933803628934315,0.873380821075167
0,SSP2,8.987408340535515,0.8777404331056232
0,SSP2,9.041013052136716,0.8819979031771352
0,SSP3,1.01,0.0
0,SSP3,1.0389227341998,0.0
0,SSP3,1.0682806934042801,5.2841210308463005e-05
0,SSP3,1.09807387761344,0.00015862713771697123
0,SSP3,1.12830228682728,0.00031746972064183865
0,SSP3,1.1589659210458,0.0005295325857153088
0,SSP3,1.190064780269,0.0007950633999356249
0,SSP3,1.22159886449688,0.0011144157020284151
0,SSP3,1.25356817372944,0.0014880614308951934
0,SSP3,1.28597270796668,0.001916595809236421
0,SSP3,1.3188124672086,0.002400736364077005
0,SSP3,1.3520874514552,0.0029450408776479087
0,SSP3,1.3855282800306599,0.0035473424641163653
0,SSP3,1.41913495293498,0.0042081077447257975
0,SSP3,1.45290747016816,0.004927871318692656
0,SSP3,1.4868458317302,0.005707226706796131
0,SSP3,1.5209500376211,0.006546818132539656
0,SSP3,1.5552200878408597,0.0074473331205962
0,SSP3,1.58965598238948,0.008409495868947126
0,SSP3,1.62425772126696,0.009434061337307842
0,SSP3,1.6590253044733,0.010521809987531716
0,SSP3,1.6939587320085,0.011677680561811066
0,SSP3,1.72918869745084,0.012899100746295078
0,SSP3,1.7647152008003197,0.014187155003418717
0,SSP3,1.8005382420569398,0.01554294116190924
0,SSP3,1.8366578212206996,0.01696756885248174
0,SSP3,1.8730739382915997,0.01846215794283812
0,SSP3,1.9097865932696396,0.02002783696935695
0,SSP3,1.9467957861548197,0.021665741563897667
0,SSP3,1.9841015169471397,0.023377012874801872
0,SSP3,2.0217037856466,0.02516279598155191
0,SSP3,2.0596025922531997,0.027026127677047374
0,SSP3,2.09751255861738,0.02896691729398726
0,SSP3,2.13543368473914,0.03098540690133622
0,SSP3,2.17336597061848,0.03308184842459072
0,SSP3,2.2113094162554,0.035256499109195705
0,SSP3,2.2492640216499,0.03750961750815729
0,SSP3,2.28722978680198,0.03984145990732646
0,SSP3,2.3252067117116395,0.04225227712002422
0,SSP3,2.3631947963788793,0.04474231159655817
0,SSP3,2.4011940408036994,0.04731179480488623
0,SSP3,2.4392044449860997,0.04995625217185018
0,SSP3,2.4773718072946593,0.05268017989639895
0,SSP3,2.5156961277293792,0.05548428554607354
0,SSP3,2.5541774062902594,0.058369245154345384
0,SSP3,2.5928156429772997,0.06133570318302706
0,SSP3,2.6316108377904994,0.06438427237175604
0,SSP3,2.6705629907298594,0.0675155334881894
0,SSP3,2.7096721017953795,0.07073003499102382
0,SSP3,2.7489381709870595,0.07402829261661514
0,SSP3,2.7883611983048997,0.07741078889882269
0,SSP3,2.8279411837488997,0.08087468965951561
0,SSP3,2.8677126269288995,0.08442330300571399
0,SSP3,2.9076755278448996,0.08805719951788693
0,SSP3,2.9478298864968995,0.09177690246816672
0,SSP3,2.9881757028848996,0.09558288847259444
0,SSP3,3.028712977008899,0.09947558796277445
0,SSP3,3.0694417088689,0.10345538549404432
0,SSP3,3.1103618984649,0.10752261990647516
0,SSP3,3.1514735457968994,0.11167758435416153
0,SSP3,3.1927766508649,0.11592052621732574
0,SSP3,3.234271213668899,0.1202470562082587
0,SSP3,3.2760171072368998,0.12466124069155549
0,SSP3,3.3180143315689,0.12916354341151726
0,SSP3,3.3602628866648994,0.13375435683771464
0,SSP3,3.4027627725248992,0.1384340044362269
0,SSP3,3.4455139891488997,0.1432027425695106
0,SSP3,3.4885165365369,0.14806076205918917
0,SSP3,3.5317704146889,0.1530081894450257
0,SSP3,3.5752756236048997,0.1580450879718691
0,SSP3,3.619032163284899,0.16317145833463864
0,SSP3,3.6630400337288993,0.16837857074048967
0,SSP3,3.7073886994842393,0.17367357567070663
0,SSP3,3.7520781605509193,0.17905693064283223
0,SSP3,3.797108416928939,0.1845289780277577
0,SSP3,3.842479468618299,0.19008995101837067
0,SSP3,3.8881913156189993,0.19573997882446248
0,SSP3,3.934243957931039,0.20147909115565765
0,SSP3,3.980637395554419,0.20730722205561336
0,SSP3,4.027371628489139,0.21322421315027706
0,SSP3,4.0744466567352,0.21922981637118388
0,SSP3,4.121862480292599,0.22532369621202575
0,SSP3,4.1696190991613395,0.23150543157344683
0,SSP3,4.217716513341419,0.2377745172473904
0,SSP3,4.266154722832839,0.24413036508859198
0,SSP3,4.314933727635599,0.2505723049170825
0,SSP3,4.364053527749699,0.2570995851919482
0,SSP3,4.41351412317514,0.26371137349313756
0,SSP3,4.46331551391192,0.2704067568448576
0,SSP3,4.51345769996004,0.27718474191109577
0,SSP3,4.563940681319499,0.2840442550910063
0,SSP3,4.614764457990299,0.2909915340906717
0,SSP3,4.665860870910172,0.2980207532517438
0,SSP3,4.717229920079116,0.305129709299476
0,SSP3,4.768871605497132,0.31231622686254723
0,SSP3,4.82078592716422,0.31957814410883834
0,SSP3,4.8729728850803795,0.3269133004683158
0,SSP3,4.925432479245612,0.33431952615005023
0,SSP3,4.978164709659915,0.34179463320936176
0,SSP3,5.0311695763232915,0.34933640796087273
0,SSP3,5.08444707923574,0.3569426045657649
0,SSP3,5.13799721839726,0.364618419262593
0,SSP3,5.191751834745584,0.37235697256466294
0,SSP3,5.245710928280712,0.3801549835618132
0,SSP3,5.299874499002644,0.3880092370246653
0,SSP3,5.3542425469113795,0.3959165660598223
0,SSP3,5.408815072006919,0.4038738375739388
0,SSP3,5.463592074289263,0.411877940133182
0,SSP3,5.5185735537584115,0.4199257738757951
0,SSP3,5.573759510414364,0.42801424219272444
0,SSP3,5.62914994425712,0.4361402449375773
0,SSP3,5.68474485528668,0.44430815460667494
0,SSP3,5.740476084440775,0.45251035850179533
0,SSP3,5.796343631719408,0.4607428019285178
0,SSP3,5.852347497122576,0.4690015298386041
0,SSP3,5.90848768065028,0.47728266992725876
0,SSP3,5.9647641823025195,0.4855824186638744
0,SSP3,6.021177002079296,0.4938970298202956
0,SSP3,6.077726139980608,0.502222805133992
0,SSP3,6.134411596006455,0.5105560868027222
0,SSP3,6.191233370156839,0.5188932515552664
0,SSP3,6.248191462431758,0.5272380606358728
0,SSP3,6.305217713768946,0.5355825691387252
0,SSP3,6.362312124168402,0.5439223324605817
0,SSP3,6.419474693630126,0.5522530497997299
0,SSP3,6.476705422154118,0.5605705480189023
0,SSP3,6.534004309740378,0.5688707683795866
0,SSP3,6.5913713563889065,0.5771497557137034
0,SSP3,6.648806562099702,0.5854036496694952
0,SSP3,6.706309926872767,0.5936286777259963
0,SSP3,6.763881450708099,0.6018211497174427
0,SSP3,6.8215211336057,0.6099845265702631
0,SSP3,6.879160816503299,0.6181110664235112
0,SSP3,6.9368004994009,0.6261964400555922
0,SSP3,6.994440182298501,0.6342365105956627
0,SSP3,7.0520798651961005,0.6422273175236828
0,SSP3,7.109719548093701,0.6501650633934495
0,SSP3,7.167359230991302,0.6580461028564513
0,SSP3,7.224998913888902,0.6658669336318312
0,SSP3,7.282638596786502,0.6736241891228885
0,SSP3,7.340278279684102,0.6813146324259242
0,SSP3,7.397917962581703,0.6889351515147858
0,SSP3,7.4555576454793036,0.6964827554157078
0,SSP3,7.513197328376903,0.7039545712132167
0,SSP3,7.570837011274504,0.7113478417498775
0,SSP3,7.628476694172105,0.7186599239012847
0,SSP3,7.6861163770697045,0.7258882873235448
0,SSP3,7.743756059967305,0.733030513584029
0,SSP3,7.801395742864905,0.7400842955977982
0,SSP3,7.859035425762506,0.7470474373021333
0,SSP3,7.916675108660106,0.7539178535102942
0,SSP3,7.974314791557706,0.7606935698931987
0,SSP3,8.031954474455308,0.7673727230443407
0,SSP3,8.089594157352908,0.7739535605890834
0,SSP3,8.147233840250507,0.7804344413046105
0,SSP3,8.204873523148109,0.7868138352213829
0,SSP3,8.262513206045709,0.7930903236810212
0,SSP3,8.320152888943309,0.799262599329182
0,SSP3,8.37779257184091,0.8053294660252819
0,SSP3,8.43543225473851,0.8112898386538845
0,SSP3,8.49307193763611,0.8171427428252466
0,SSP3,8.550711620533711,0.8228873144549482
0,SSP3,8.608351303431311,0.8285227992147238
0,SSP3,8.66599098632891,0.8340485518485905
0,SSP3,8.723630669226512,0.8394640353501397
0,SSP3,8.781270352124112,0.8447688199984369
0,SSP3,8.838910035021712,0.8499625822513583
0,SSP3,8.896549717919314,0.8550451034963986
0,SSP3,8.954189400816913,0.8600162686600111
0,SSP3,9.011829083714513,0.8648760646774093
0,SSP3,9.069468766612113,0.8696245788254708
0,SSP3,9.127108449509715,0.8742619969219639
0,SSP3,9.184748132407314,0.8787886013947734
0,SSP3,9.242387815304914,0.8832047692251723
0,SSP3,9.300027498202514,0.8875109697694676
0,SSP3,9.357667181100116,0.891707762463587
0,SSP3,9.415306863997715,0.8957957944153734
0,SSP3,9.472946546895315,0.8997757978895455
0,SSP3,9.530586229792917,0.9036485876904695
0,SSP3,9.588225912690516,0.9074150584480908
0,SSP4,1.01,0.0
0,SSP4,1.0363276553798,0.0
0,SSP4,1.0630163889109001,4.761116037310664e-05
0,SSP4,1.0900662005933,0.00014280003545175113
0,SSP4,1.117477090427,0.00028552584523922064
0,SSP4,1.145249058412,0.00047579039412792845
0,SSP4,1.1733821045483,0.0007136746587066423
0,SSP4,1.2018762288359,0.0009993626070812223
0,SSP4,1.2307314312748001,0.001333153951464272
0,SSP4,1.259947711865,0.001715468082800431
0,SSP4,1.2895250706065,0.0021468415256236106
0,SSP4,1.3194635074993,0.0026274629978972897
0,SSP4,1.3495592634983802,0.0031585345663436293
0,SSP4,1.37981233860374,0.003740457743481196
0,SSP4,1.41022273281538,0.004373709698310746
0,SSP4,1.4407904461333,0.00505883189033951
0,SSP4,1.4715154785575,0.005796419522505092
0,SSP4,1.50239783008798,0.0065871120392198
0,SSP4,1.53343750072474,0.007431584752303211
0,SSP4,1.56463449046778,0.008330541582803441
0,SSP4,1.5959887993171,0.00928470884885435
0,SSP4,1.6275004272727,0.0102964320968848
0,SSP4,1.65898500478206,0.011365327950497939
0,SSP4,1.69044253184518,0.012491639855676917
0,SSP4,1.72187300846206,0.013675623391263159
0,SSP4,1.7532764346327,0.01491754243560206
0,SSP4,1.7846528103571,0.016217665859176833
0,SSP4,1.81600213563526,0.017576264660245977
0,SSP4,1.84732441046718,0.01899360947468831
0,SSP4,1.87861963485286,0.020469968402876182
0,SSP4,1.9098878087923,0.022005605105914317
0,SSP4,1.9411289322854999,0.023601939154042295
0,SSP4,1.97224687974072,0.025258768288766387
0,SSP4,2.00324165115796,0.026975936394563194
0,SSP4,2.03411324653722,0.028753297277945178
0,SSP4,2.0648616658785,0.03059071072149866
0,SSP4,2.0954869091818003,0.0324880391081388
0,SSP4,2.12598897644712,0.03444514451664915
0,SSP4,2.1563678676744598,0.036461886210990446
0,SSP4,2.18662358286382,0.03853811846204014
0,SSP4,2.2167561220152,0.04067368865266796
0,SSP4,2.2467654851286,0.042867609450632393
0,SSP4,2.2767314935113,0.0451211129028668
0,SSP4,2.3066541471633,0.047434133894987296
0,SSP4,2.3365334460845997,0.049806608322331636
0,SSP4,2.3663693902752,0.052238470490869604
0,SSP4,2.3961619797351,0.05472965085124404
0,SSP4,2.4259112144643,0.057280074016643256
0,SSP4,2.4556170944628,0.05988965702447535
0,SSP4,2.4852796197306,0.06255830780903326
0,SSP4,2.5148987902677,0.06528592385795395
0,SSP4,2.5444746060741,0.06807496624288278
0,SSP4,2.57400917908494,0.07092388884282452
0,SSP4,2.6035025093002195,0.0738323201400306
0,SSP4,2.63295459671994,0.07679990913618084
0,SSP4,2.6623654413441,0.07982631975862331
0,SSP4,2.6917350431727,0.08291122608303114
0,SSP4,2.72106340220574,0.08605430823937454
0,SSP4,2.75035051844322,0.08925524889387715
0,SSP4,2.7795963918851396,0.09251373021970677
0,SSP4,2.8088010225314997,0.09582943128488686
0,SSP4,2.8379644103823,0.09920274250873606
0,SSP4,2.86698503978156,0.10263338841594782
0,SSP4,2.8958629107292797,0.10612053265559585
0,SSP4,2.92459802322546,0.10966335963622265
0,SSP4,2.9531903772701,0.11326106933638025
0,SSP4,2.9816399728632,0.11691287288343277
0,SSP4,3.00994681000476,0.12061798878704977
0,SSP4,3.0381108886947796,0.12437563973332866
0,SSP4,3.0661322089332597,0.128185049861125
0,SSP4,3.0940107707201996,0.1320454424548001
0,SSP4,3.1217465740556003,0.13595586826592831
0,SSP4,3.1494590484178797,0.1399161043773316
0,SSP4,3.1771481938070396,0.14392568670377526
0,SSP4,3.20481401022308,0.14798414452308628
0,SSP4,3.232456497666,0.15209099889786426
0,SSP4,3.2600756561358004,0.1562457613414885
0,SSP4,3.2876714856324796,0.16044793269666235
0,SSP4,3.31524398615604,0.164697002199248
0,SSP4,3.3427931577064802,0.16899244670396274
0,SSP4,3.3703190002838,0.17333373005168706
0,SSP4,3.397821513888,0.17772030256084492
0,SSP4,3.42530069851908,0.18215160062762226
0,SSP4,3.45275655417704,0.18662704642176386
0,SSP4,3.48018908086188,0.19114604766637155
0,SSP4,3.5075982785736004,0.1957079974916074
0,SSP4,3.5349841473122003,0.20031227435345356
0,SSP4,3.5623466870776808,0.2049582420097984
0,SSP4,3.58968589787004,0.20964524954706332
0,SSP4,3.6170017796892804,0.2143726314514265
0,SSP4,3.6442943325354005,0.21913970771943858
0,SSP4,3.6715635564084,0.2239540772345261
0,SSP4,3.6988141171029048,0.22880808836656819
0,SSP4,3.7260460146189125,0.23370072904293848
0,SSP4,3.7532592489564243,0.23863101988583768
0,SSP4,3.78045382011544,0.24359800796617503
0,SSP4,3.807629728095961,0.24860076146118004
0,SSP4,3.8347869728979846,0.25363836508796433
0,SSP4,3.8619255545215125,0.2587099162051325
0,SSP4,3.8890454729665445,0.2638145214909051
0,SSP4,3.9161467282330804,0.26895129411980934
0,SSP4,3.9432293203211204,0.2741279939483976
0,SSP4,3.970297915025289,0.2793365027433987
0,SSP4,3.997352512345585,0.2845756373912971
0,SSP4,4.0243931122820085,0.28984426234664395
0,SSP4,4.0514197148345605,0.295141281579719
0,SSP4,4.078432320003241,0.3004656317040828
0,SSP4,4.105430927788049,0.3058162761129568
0,SSP4,4.132415538188985,0.31119219998068104
0,SSP4,4.159386151206049,0.31659240600787175
0,SSP4,4.186342766839241,0.3220159108073708
0,SSP4,4.213285385088561,0.32747065203477144
0,SSP4,4.240218671748633,0.3329482017759047
0,SSP4,4.267142626819457,0.3384472888501089
0,SSP4,4.294057250301033,0.3439666963052139
0,SSP4,4.320962542193361,0.34950525283843636
0,SSP4,4.347858502496441,0.3550618254793254
0,SSP4,4.374745131210273,0.36063531335175125
0,SSP4,4.401622428334857,0.3662246423609763
0,SSP4,4.428490393870193,0.37182876067570747
0,SSP4,4.455349027816281,0.3774466348947413
0,SSP4,4.482198330173121,0.38308633856033425
0,SSP4,4.509042966735337,0.3887392490740149
0,SSP4,4.5358829375029295,0.3944040503650367
0,SSP4,4.562718242475897,0.4000794854532108
0,SSP4,4.589548881654242,0.40576434768166214
0,SSP4,4.616374855037962,0.41145747323806536
0,SSP4,4.643196162627057,0.4171577347784394
0,SSP4,4.670012804421529,0.42286403599675015
0,SSP4,4.696824780421377,0.4285753070075967
0,SSP4,4.723632090626601,0.43429050042915907
0,SSP4,4.7504347350372,0.4400177733895245
0,SSP4,4.777237379447801,0.44574841879563276
0,SSP4,4.8040400238584,0.45148111375694433
0,SSP4,4.830842668269,0.4572145988039007
0,SSP4,4.8576453126796,0.46294766903817486
0,SSP4,4.8844479570902,0.4686791665784775
0,SSP4,4.911250601500799,0.4744079741159054
0,SSP4,4.938053245911399,0.48013300942163295
0,SSP4,4.964855890321999,0.4858532206735744
0,SSP4,4.991658534732599,0.49156758248840315
0,SSP4,5.018461179143198,0.49727509256183877
0,SSP4,5.045263823553798,0.5029747688339214
0,SSP4,5.072066467964398,0.508665647107656
0,SSP4,5.098869112374998,0.514346779059236
0,SSP4,5.125671756785597,0.5200172305864026
0,SSP4,5.152474401196197,0.5256760804486023
0,SSP4,5.179277045606797,0.531322419158655
0,SSP4,5.206079690017397,0.5369553480908473
0,SSP4,5.232882334427996,0.5425739787748118
0,SSP4,5.259684978838596,0.5481774323484061
0,SSP4,5.286487623249196,0.5537648391461251
0,SSP4,5.313290267659796,0.559335338402479
0,SSP4,5.3400929120703955,0.5648880780522979
0,SSP4,5.366895556480996,0.5704222146121659
0,SSP4,5.3936982008915955,0.5759369131291694
0,SSP4,5.420500845302195,0.5814313471849417
0,SSP4,5.4473034897127945,0.5869046989446005
0,SSP4,5.474106134123395,0.5923561592416797
0,SSP4,5.5009087785339945,0.5977849276915219
0,SSP4,5.527711422944594,0.6031902128268949
0,SSP4,5.5545140673551945,0.6085712322507805
0,SSP4,5.581316711765794,0.6139272128023954
0,SSP4,5.608119356176394,0.6192573907335266
0,SSP4,5.634922000586993,0.6245610118931758
0,SSP4,5.6617246449975935,0.6298373319193243
0,SSP4,5.688527289408193,0.6350856164373224
0,SSP4,5.715329933818793,0.6403051412649639
0,SSP4,5.742132578229392,0.6454951926247333
0,SSP4,5.768935222639993,0.6506550673639941
0,SSP4,5.795737867050592,0.6557840731840213
0,SSP4,5.822540511461192,0.6608815288787946
0,SSP4,5.849343155871792,0.665946764584351
0,SSP4,5.876145800282392,0.6709791220392819
0,SSP4,5.902948444692991,0.6759779548566671
0,SSP4,5.929751089103591,0.6809426288073891
0,SSP4,5.956553733514191,0.6858725221144033
0,SSP4,5.983356377924791,0.6907670257571608
0,SSP4,6.01015902233539,0.6956255437850336
0,SSP4,6.036961666745991,0.7004474936382775
0,SSP5,1.01,0.0
0,SSP5,1.0389109568286,0.0
0,SSP5,1.06866878049654,5.123144368801569e-05
0,SSP5,1.0992734710038201,0.00015465774899192652
0,SSP5,1.13072502835044,0.00031117234410737993
0,SSP5,1.1630234525364,0.0005216947680479755
0,SSP5,1.1961687435617,0.0007872426066035665
0,SSP5,1.23016090142634,0.001108978755935519
0,SSP5,1.26499992613032,0.001488237039643181
0,SSP5,1.30068581767364,0.0019265309365399386
0,SSP5,1.3372185760563,0.0024255504837253916
0,SSP5,1.3745982012783,0.002976227709343693
0,SSP5,1.4127477112585,0.0035902963262670617
0,SSP5,1.4516671059969,0.004269770049209809
0,SSP5,1.4913563854935,0.005016823073923815
0,SSP5,1.5318155497483,0.005833761607593857
0,SSP5,1.5730445987613,0.006722998423077886
0,SSP5,1.6150435325324999,0.007687031613028195
0,SSP5,1.6578123510619,0.008728427696921504
0,SSP5,1.7013510543495,0.009849808671789972
0,SSP5,1.7456596423953,0.011053842352996446
0,SSP5,1.7907381151993,0.012334943649493724
0,SSP5,1.8366680512392999,0.013703444754518346
0,SSP5,1.8834494505152999,0.015162439493912716
0,SSP5,1.9310823130273,0.016715036639671776
0,SSP5,1.9795666387753,0.018364358764892508
0,SSP5,2.0289024277593,0.020113541906970678
0,SSP5,2.0790896799793,0.021965735565077305
0,SSP5,2.1301283954353,0.023924102706837536
0,SSP5,2.1820185741272997,0.025991819569525898
0,SSP5,2.2347602160553,0.02817207512013553
0,SSP5,2.2883533212193,0.030457233111034432
0,SSP5,2.342461547732,0.03286055281524103
0,SSP5,2.3970848955934,0.035384395055174434
0,SSP5,2.4522233648035,0.03803109680376271
0,SSP5,2.5078769553623,0.0408029684838338
0,SSP5,2.5640456672697995,0.04370229113932078
0,SSP5,2.620729500526,0.0467313134367493
0,SSP5,2.6779284551308997,0.049892248471753664
0,SSP5,2.7356425310844994,0.05318727036708393
0,SSP5,2.7938717283868,0.05661851065683465
0,SSP5,2.8526160470377997,0.06017023739312832
0,SSP5,2.9120303627523,0.06386080873780164
0,SSP5,2.9721146755302996,0.06769307197234387
0,SSP5,3.0328689853718,0.0716697584043704
0,SSP5,3.0942932922767996,0.07579348761396631
0,SSP5,3.1563875962453,0.08006677037596366
0,SSP5,3.2191518972772997,0.08449201031460407
0,SSP5,3.2825861953728,0.08907150437467948
0,SSP5,3.3466904905318,0.09380744220719794
0,SSP5,3.4114647827543,0.0987019045724864
0,SSP5,3.4769090720403,0.10374032729603533
0,SSP5,3.5426557737166995,0.10894009476046307
0,SSP5,3.6087048877834995,0.11430177370083316
0,SSP5,3.6750564142407,0.11982578598621241
0,SSP5,3.7417103530882994,0.12551240741192582
0,SSP5,3.808666704326299,0.13136176609643146
0,SSP5,3.8759254679546995,0.13737384055036816
0,SSP5,3.9434866439734995,0.14354845748227385
0,SSP5,4.011350232382699,0.14988528940154877
0,SSP5,4.079516233182299,0.15638385207493566
0,SSP5,4.147984646372299,0.16302318229213797
0,SSP5,4.216576471814699,0.16982161613553215
0,SSP5,4.285291709509499,0.17677775606857105
0,SSP5,4.3541303594567,0.1838900047043801
0,SSP5,4.423092421656299,0.19115656909371292
0,SSP5,4.492177896108299,0.1985754645215989
0,SSP5,4.5613867828127,0.20614451790639987
0,SSP5,4.6307190817695,0.21386137088947477
0,SSP5,4.700174792978699,0.2217234826969654
0,SSP5,4.769753916440299,0.22972813284806004
0,SSP5,4.8394564521543,0.23785503916630035
0,SSP5,4.9091271567582995,0.24611784767968548
0,SSP5,4.978766030252299,0.25451285930797574
0,SSP5,5.048373072636299,0.2630361974562363
0,SSP5,5.117948283910299,0.27168381544521547
0,SSP5,5.187491664074299,0.28045150369100136
0,SSP5,5.257003213128299,0.2893348967046363
0,SSP5,5.326482931072299,0.298329479973821
0,SSP5,5.395930817906299,0.307430596780633
0,SSP5,5.465346873630299,0.31663345500142515
0,SSP5,5.534731098244299,0.3259331339278584
0,SSP5,5.604083491748299,0.3353245911414109
0,SSP5,5.673404054142299,0.34480266946764293
0,SSP5,5.742692785426299,0.3543621040310312
0,SSP5,5.811949685600299,0.3639975294262212
0,SSP5,5.881174754664299,0.3737034870170888
0,SSP5,5.950367992618299,0.383474432371002
0,SSP5,6.019529399462299,0.39330474283207684
0,SSP5,6.088658975196299,0.4031887252339934
0,SSP5,6.1577567198202985,0.4131206237500793
0,SSP5,6.226822633334299,0.42314375126595105
0,SSP5,6.295863081960299,0.4332073747836327
0,SSP5,6.364878065698298,0.44330420736244314
0,SSP5,6.433867584548299,0.45342717959104695
0,SSP5,6.502831638510298,0.4635694086553066
0,SSP5,6.571770227584299,0.4737241737622262
0,SSP5,6.640683351770298,0.48388489682459945
0,SSP5,6.709571011068299,0.49404512751846075
0,SSP5,6.778433205478298,0.5041985319877552
0,SSP5,6.847269935000298,0.51433888459863
0,SSP5,6.916081199634299,0.5245081440798884
0,SSP5,6.984873365602299,0.534655847129061
0,SSP5,7.053646432904299,0.5447747749993619
0,SSP5,7.122400401540299,0.5548580354283974
0,SSP5,7.191135271510298,0.5648990270519585
0,SSP5,7.259851042814298,0.574891410788253
0,SSP5,7.328547715452299,0.5848290869486505
0,SSP5,7.3972252894242985,0.59470617706885
0,SSP5,7.4658837647302985,0.6045170096402641
0,SSP5,7.534523141370299,0.6142561090679131
0,SSP5,7.603143419344298,0.623963195916957
0,SSP5,7.671750964874299,0.6335910788262066
0,SSP5,7.740345777960299,0.6431336662366413
0,SSP5,7.808927858602299,0.652585248473317
0,SSP5,7.877497206800299,0.6619404633682984
0,SSP5,7.9460538225542985,0.6711942680830789
0,SSP5,8.014597705864299,0.6803419160214516
0,SSP5,8.0831288567303,0.6893789379298235
0,SSP5,8.1516472751523,0.6983011264447031
0,SSP5,8.2201529611303,0.7071045234766618
0,SSP5,8.288645914664299,0.715825455811278
0,SSP5,8.3571325019763,0.7244225626844663
0,SSP5,8.4256127230663,0.7328915745901119
0,SSP5,8.494086577934299,0.7412286234834157
0,SSP5,8.562554066580299,0.7494302094718996
0,SSP5,8.631015189004298,0.7574931728089935
0,SSP5,8.6994699452063,0.7654146702486011
0,SSP5,8.7679183351863,0.7731921549895906
0,SSP5,8.8363603589443,0.7808233595753697
0,SSP5,8.904796016480299,0.7883062812233488
0,SSP5,8.9732253077943,0.7956728636548924
0,SSP5,9.041654599108298,0.8028893812005611
0,SSP5,9.110083890422297,0.8099537260563958
0,SSP5,9.178513181736298,0.8168641692007023
0,SSP5,9.246942473050296,0.8236193279808455
0,SSP5,9.315371764364297,0.8302181382046135
0,SSP5,9.383801055678296,0.8366598299547616
0,SSP5,9.452230346992296,0.842943906484622
0,SSP5,9.520659638306295,0.8490701256649763
0,SSP5,9.589088929620296,0.8550384835435364
0,SSP5,9.657518220934294,0.8608491996528476
0,SSP5,9.725947512248293,0.8665027037636216
0,SSP5,9.794376803562294,0.8719996238310828
0,SSP5,9.862806094876293,0.8773407749239404
0,SSP5,9.931235386190293,0.8825271489606873
0,SSP5,9.999664677504292,0.8875599051073612
0,SSP5,10.068093968818292,0.8924403607156873
0,SSP5,10.136523260132291,0.8971699827014719
0,SSP5,10.204952551446292,0.9017503792808641
0,SSP5,10.27338184276029,0.9061832919971955
0,SSP5,10.34181113407429,0.9104705879839434
0,SSP5,10.41024042538829,0.9146142524203098
0,SSP5,10.478669716702289,0.9186163811452441
0,SSP5,10.54709900801629,0.9224791734036881
0,SSP5,10.615528299330288,0.9262049247056056
0,SSP5,10.683957590644289,0.9297960197841125
0,SSP5,10.752386881958287,0.933254925643905
0,SSP5,10.820816173272288,0.9365841846952965
0,SSP5,10.889245464586287,0.9397864079726183
0,SSP5,10.957674755900285,0.9428642684385994
0,SSP5,11.026104047214286,0.9458204943786851
0,SSP5,11.094533338528285,0.9486578628911405
0,SSP5,11.162962629842285,0.9513791934802719
0,SSP5,11.231391921156284,0.9539873417612251
0,SSP5,11.299821212470285,0.9564851932856245
0,SSP5,11.368250503784283,0.958875657497845
0,SSP5,11.436679795098284,0.9611616618319805
0,SSP5,11.505109086412283,0.9633461459596243
0,SSP5,11.573538377726281,0.9654320561984413
0,SSP5,11.641967669040282,0.9674223400912015
0,SSP5,11.71039696035428,0.9693199411644996
0,SSP5,11.778826251668281,0.971127793875822
0,SSP5,11.84725554298228,0.9728488187569634
0,SSP5,11.91568483429628,0.9744859177610595
0,SSP5,11.98411412561028,0.9760419698197239
0,SSP5,12.05254341692428,0.9775198266159423
0,SSP5,12.120972708238279,0.9789223085775375
0,SSP5,12.189401999552278,0.9802522010951621
0,SSP5,12.257831290866278,0.9815122509679128
1,SSP1,1.01,0.0
1,SSP1,1.0348427824242,0.0
1,SSP1,1.05984578711708,0.00015754145260071795
1,SSP1,1.08500901407864,0.000469429227748952
1,SSP1,1.11033246330888,0.0009322502176227765
1,SSP1,1.1358161348078,0.0015426131869387127
1,SSP1,1.1614600285754,0.00229732461722687
1,SSP1,1.18726414461168,0.0031935014267894246
1,SSP1,1.21322848291664,0.004228628751813179
1,SSP1,1.23935304349028,0.005400574595118224
1,SSP1,1.2656378263326,0.006707573827243962
1,SSP1,1.2920828314436,0.008131587714453214
1,SSP1,1.3185976028017,0.00968639723980358
1,SSP1,1.3451821404069,0.011370595551051466
1,SSP1,1.3718364442592001,0.013183044793532162
1,SSP1,1.3985605143586,0.0151228115703268
1,SSP1,1.4253543507051,0.017189108724994684
1,SSP1,1.4522179532987,0.01938124558686427
1,SSP1,1.4791513221394,0.021698587187824137
1,SSP1,1.5061544572272,0.024140521974626017
1,SSP1,1.5332273585621001,0.02670643702957598
1,SSP1,1.5603700261441,0.029387324820372873
1,SSP1,1.5874306219527399,0.0321907302442912
1,SSP1,1.61440914598802,0.035114995856833975
1,SSP1,1.64130559824994,0.03815845852131772
1,SSP1,1.6681199787385,0.04131944134221266
1,SSP1,1.6948522874537,0.044596248079417755
1,SSP1,1.72150252439554,0.04798715948368093
1,SSP1,1.7480706895640201,0.05149043109557083
1,SSP1,1.7745567829591402,0.055104292141608724
1,SSP1,1.8009608045809,0.05882694523912657
1,SSP1,1.8272827544293002,0.06265137663717124
1,SSP1,1.85355182885304,0.0665817615054467
1,SSP1,1.87976802785212,0.0706161803169536
1,SSP1,1.9059313514265401,0.07475271866868605
1,SSP1,1.9320417995763002,0.07898946402409468
1,SSP1,1.9580993723014002,0.08332450309960882
1,SSP1,1.9841040696018402,0.0877559197890787
1,SSP1,2.01005589147762,0.09228179353878097
1,SSP1,2.03595483792874,0.09690019810090855
1,SSP1,2.0618009089552,0.10160920060591927
1,SSP1,2.087594104557,0.10639889170978423
1,SSP1,2.11323946755658,0.11127600981579566
1,SSP1,2.1387369979539397,0.11623785255859409
1,SSP1,2.16408669574908,0.12128176980690997
1,SSP1,2.189288560942,0.1264051568343043
1,SSP1,2.2143425935327,0.13160544866431678
1,SSP1,2.2392487935211802,0.1368801154036947
1,SSP1,2.26400716090744,0.14222665840923687
1,SSP1,2.28861769569148,0.14764260715957556
1,SSP1,2.3130803978733,0.1531255167241914
1,SSP1,2.3373952674528997,0.15867255348059484
1,SSP1,2.3613489722994396,0.1642839056826062
1,SSP1,2.38494151241292,0.16995541816982507
1,SSP1,2.4081728877933397,0.1756831215174426
1,SSP1,2.4310430984407,0.1814632111280443
1,SSP1,2.453552144355,0.18729202970728376
1,SSP1,2.47570002553624,0.1931660525371306
1,SSP1,2.49748674198442,0.19908187507406638
1,SSP1,2.51891229369954,0.2050362024882315
1,SSP1,2.5399766806816,0.2110258408292407
1,SSP1,2.5606799029306,0.21704613089291125
1,SSP1,2.5810871446165002,0.22309781424921438
1,SSP1,2.6011984057393,0.22917774466139984
1,SSP1,2.6210136862990003,0.23528292678858498
1,SSP1,2.6405329862956,0.24141049937197123
1,SSP1,2.6597563057290996,0.2475577210867692
1,SSP1,2.6786836445995,0.2537219586108821
1,SSP1,2.6973150029068,0.2599006765452674
1,SSP1,2.7156503806509997,0.266091428886962
1,SSP1,2.7336897778321,0.2722918518082167
1,SSP1,2.7514331944501,0.2785030917283673
1,SSP1,2.76892827004826,0.2847222819310129
1,SSP1,2.78617500462658,0.2909467887665831
1,SSP1,2.80317339818506,0.29717414756129656
1,SSP1,2.8199234507237,0.3034020418785921
1,SSP1,2.8364251622424996,0.3096282860481445
1,SSP1,2.85267853274146,0.3158508104103668
1,SSP1,2.8686835622205797,0.3220676488278511
1,SSP1,2.8844402506798597,0.32827692809686204
1,SSP1,2.8999485981193,0.33447685895680457
1,SSP1,2.9152086045389,0.34066572844751075
1,SSP1,2.93022026993866,0.34684189340600846
1,SSP1,2.94498359431858,0.3530037749284247
1,SSP1,2.95949857767866,0.35914985365045005
1,SSP1,2.9737652200188998,0.3652786657226563
1,SSP1,2.9877835213393,0.3713887993758793
1,SSP1,3.00155348163986,0.37747889198765416
1,SSP1,3.01507510092058,0.38354762757387717
1,SSP1,3.02834837918146,0.38959373464098146
1,SSP1,3.0413733164225,0.39561598434329825
1,SSP1,3.0541499126437,0.40163858384124174
1,SSP1,3.0667278360490284,0.40763669823707005
1,SSP1,3.0791070866384844,0.41360890503233616
1,SSP1,3.091287664412068,0.41955389537024734
1,SSP1,3.10326956936978,0.425470460472011
1,SSP1,3.11505280151162,0.4313574800859994
1,SSP1,3.126637360837588,0.4372139126370771
1,SSP1,3.138023247347684,0.4430387868155379
1,SSP1,3.149210461041908,0.4488311943875427
1,SSP1,3.16019900192026,0.45459028404372503
1,SSP1,3.1709888699827395,0.4603401147032944
1,SSP1,3.181629733433316,0.4660565705824167
1,SSP1,3.192121592271988,0.4717386571491311
1,SSP1,3.202464446498756,0.4773854888677447
1,SSP1,3.21265829611362,0.4829962747492065
1,SSP1,3.2227031411165807,0.48857030607704366
1,SSP1,3.2325989815076364,0.49410694596834603
1,SSP1,3.2423458172867887,0.4996056204866177
1,SSP1,3.251943648454036,0.505065811069906
1,SSP1,3.26139247500938,0.5104870480757271
1,SSP1,3.27069229695282,0.5158928395563341
1,SSP1,3.279892782488324,0.5212601571000841
1,SSP1,3.2889939316158916,0.5265883899384607
1,SSP1,3.297995744335524,0.5318770204505963
1,SSP1,3.30689822064722,0.5371256108752308
1,SSP1,3.31570136055098,0.5423337920360778
1,SSP1,3.324405164046804,0.5475012537672109
1,SSP1,3.3330096311346917,0.5526277367773212
1,SSP1,3.3415147618146435,0.5577130257342997
1,SSP1,3.3499205560866603,0.5627569433865351
1,SSP1,3.3582270139507395,0.5677820103867135
1,SSP1,3.366483803610852,0.5727665600408782
1,SSP1,3.3746909250669956,0.5777102693508869
1,SSP1,3.3828483783191716,0.5826128927773935
1,SSP1,3.39095616336738,0.5874742504134369
1,SSP1,3.3990142802116203,0.5922942179583676
1,SSP1,3.407022728851892,0.5970727182140446
1,SSP1,3.4149815092881965,0.6018097138710026
1,SSP1,3.4228906215205326,0.6065052013897467
1,SSP1,3.4307500655489003,0.6111592058131683
1,SSP1,3.4385598413733005,0.6157928906920489
1,SSP1,3.4463696171977007,0.6203861754878413
1,SSP1,3.454179393022101,0.6249389364493294
1,SSP1,3.461989168846501,0.6294511139649906
1,SSP1,3.4697989446709006,0.6339227021048437
1,SSP1,3.477608720495301,0.6383537397614343
1,SSP1,3.485418496319701,0.642744303144709
1,SSP1,3.4932282721441013,0.6470944994254291
1,SSP1,3.5010380479685015,0.6514044613545416
1,SSP1,3.5088478237929017,0.655674342712955
1,SSP1,3.516657599617301,0.6599043144685901
1,SSP1,3.5244673754417013,0.6640945615362364
1,SSP1,3.5322771512661015,0.6682452800513614
1,SSP1,3.5400869270905018,0.6723566750821212
1,SSP1,3.547896702914902,0.6764289587148535
1,SSP1,3.5557064787393013,0.6804623484576622
1,SSP1,3.5635162545637016,0.6844570659145819
1,SSP1,3.571326030388101,0.6884133356895252
1,SSP1,3.579135806212501,0.6923313844848924
1,SSP1,3.5869455820369005,0.6962114403645734
1,SSP1,3.5947553578613007,0.700053732155204
1,SSP1,3.6025651336857,0.7038584889630451
1,SSP1,3.6103749095101003,0.7076259397868749
1,SSP1,3.6181846853344997,0.7113563132098417
1,SSP1,3.6259944611589,0.7150498371554456
1,SSP1,3.6338042369832992,0.7187067386947154
1,SSP1,3.6416140128076995,0.7223272438933169
1,SSP1,3.649423788632099,0.7259115776887886
1,SSP1,3.657233564456499,0.7294599637894172
1,SSP1,3.6650433402808984,0.7329726245874703
1,SSP1,3.6728531161052986,0.7364497810806157
1,SSP1,3.680662891929698,0.7398916527964406
1,SSP1,3.688472667754098,0.7432984577160071
1,SSP1,3.6962824435784976,0.746670412193407
1,SSP1,3.704092219402898,0.7500077308692797
1,SSP1,3.711901995227298,0.7533106265772376
1,SSP1,3.7197117710516974,0.7565793102430997
1,SSP1,3.7275215468760976,0.7598139907777421
1,SSP1,3.735331322700497,0.7630148749652066
1,SSP1,3.743141098524897,0.7661821673484477
1,SSP1,3.7509508743492965,0.7693160701157193
1,SSP1,3.7587606501736968,0.7724167829910658
1,SSP1,3.766570425998096,0.7754845031326794
1,SSP1,3.7743802018224963,0.7785194250430156
1,SSP1,3.7821899776468957,0.7815217404944751
1,SSP1,3.789999753471296,0.7844916384742249
1,SSP1,3.7978095292956953,0.7874293051513123
1,SSP1,3.8056193051200955,0.7903349238686679
1,SSP1,3.813429080944495,0.793208675161934
1,SSP2,1.01,0.0
1,SSP2,1.036956367471,0.0
1,SSP2,1.06428451374398,0.0001728894991639418
1,SSP2,1.09198443881894,0.0005162597250416567
1,SSP2,1.12005614269588,0.0010275555020669014
1,SSP2,1.1484996253748,0.0017042680143719569
1,SSP2,1.1773148868557,0.002544076499950254
1,SSP2,1.20650192713858,0.0035449404123182315
1,SSP2,1.23606074622344,0.004705148281778149
1,SSP2,1.2659913441102801,0.0060233318799181035
1,SSP2,1.2962937207991,0.007498454813818833
1,SSP2,1.3269678762899,0.009126409574455652
1,SSP2,1.3578552680056002,0.010909877090724551
1,SSP2,1.3889558959462,0.012847589551716165
1,SSP2,1.4202697601117,0.014938498782407938
1,SSP2,1.4517968605021,0.017181730965323938
1,SSP2,1.4835371971174,0.01957654481043103
1,SSP2,1.5154907699576001,0.02212229418620293
1,SSP2,1.5476575790227,0.02481839558293575
1,SSP2,1.5800376243127001,0.027664300356115
1,SSP2,1.6126309058276003,0.030659471440899644
1,SSP2,1.6454374235674,0.03379312628406339
1,SSP2,1.6784347376892002,0.03707437429187288
1,SSP2,1.711622848193,0.04050255641736333
1,SSP2,1.7450017550788002,0.04407696839191333
1,SSP2,1.7785714583466001,0.04779685134667355
1,SSP2,1.8123319579964001,0.051661384669333454
1,SSP2,1.8462832540282,0.055669680671598165
1,SSP2,1.8804253464420002,0.059820780707257715
1,SSP2,1.9147582352378003,0.06411365244115497
1,SSP2,1.9492819204156002,0.06854718802348891
1,SSP2,1.9839964019754,0.07310171157259426
1,SSP2,2.01881197427294,0.07779342614772666
1,SSP2,2.05372863730822,0.08262069095601787
1,SSP2,2.08874639108124,0.08758178146495177
1,SSP2,2.1238652355920005,0.09267489149795316
1,SSP2,2.1590851708405,0.09789813566479544
1,SSP2,2.19440619682674,0.1032495519947434
1,SSP2,2.22982831355072,0.10872710467595104
1,SSP2,2.26535152101244,0.11432868683238273
1,SSP2,2.3009758192119003,0.12005212329097392
1,SSP2,2.3367012081491003,0.1258662277453495
1,SSP2,2.37262779152612,0.13179528270014207
1,SSP2,2.40875556934296,0.13783818372500045
1,SSP2,2.44508454159962,0.1439936288361472
1,SSP2,2.4816147082961004,0.15026013642050207
1,SSP2,2.5183460694324005,0.156636061649704
1,SSP2,2.55527862500852,0.16311961137890618
1,SSP2,2.59241237502446,0.1697088575816219
1,SSP2,2.62974731948022,0.17640174940762798
1,SSP2,2.6672834583758003,0.183196123971485
1,SSP2,2.7050207917112004,0.19006468004489774
1,SSP2,2.74297986162898,0.19702831423517697
1,SSP2,2.7811606681291403,0.20408526145421368
1,SSP2,2.81956321121168,0.2112335734265025
1,SSP2,2.8581874908766003,0.21847113886090108
1,SSP2,2.8970335071239006,0.2257957014369003
1,SSP2,2.9361012599535803,0.23320487578132698
1,SSP2,2.9753907493656406,0.24069616162476382
1,SSP2,3.0149019753600808,0.2482669563289135
1,SSP2,3.0546349379369007,0.25591456597045004
1,SSP2,3.0945896370961004,0.2636110705854957
1,SSP2,3.13475476477982,0.27137691970882494
1,SSP2,3.1751303209880604,0.2792097665643962
1,SSP2,3.21571630572082,0.28710710037636833
1,SSP2,3.2565127189781,0.29506626837536243
1,SSP2,3.2975195607598993,0.3030844952647618
1,SSP2,3.33873683106622,0.311158900400335
1,SSP2,3.38016452989706,0.31928651293218424
1,SSP2,3.42180265725242,0.3274642851461982
1,SSP2,3.4636512131323,0.3356891042258672
1,SSP2,3.5057101975367004,0.3439359888263549
1,SSP2,3.5480578251210204,0.3522216586436242
1,SSP2,3.5906940958852607,0.36054386632684343
1,SSP2,3.6336190098294203,0.368900190755149
1,SSP2,3.6768325669535002,0.3772880623477419
1,SSP2,3.7203347672575005,0.3857047853661397
1,SSP2,3.76412561074142,0.39414755753233344
1,SSP2,3.80820509740526,0.40261348727100543
1,SSP2,3.852573227249019,0.41109960886279073
1,SSP2,3.8972300002726996,0.41960289577143706
1,SSP2,3.9421754164762994,0.4281202723824835
1,SSP2,3.9874094758598186,0.4366486243660024
1,SSP2,4.032932178423259,0.4451848078518552
1,SSP2,4.078743524166619,0.4537256575833202
1,SSP2,4.124843513089899,0.46226799419413567
1,SSP2,4.171232145193098,0.4708086307350883
1,SSP2,4.217909420476218,0.47934437855927325
1,SSP2,4.264875338939258,0.48787205266000555
1,SSP2,4.312129900582218,0.49638847654195284
1,SSP2,4.359673105405098,0.5048904866942739
1,SSP2,4.407504953407898,0.5134074219350908
1,SSP2,4.455567715954634,0.5219076069669866
1,SSP2,4.503861393045305,0.5303864147605155
1,SSP2,4.552385984679914,0.5388395112437995
1,SSP2,4.601141490858457,0.5472628170235395
1,SSP2,4.650127911580937,0.5556524756034212
1,SSP2,4.699345246847353,0.5640048269837372
1,SSP2,4.748793496657705,0.5723163857347825
1,SSP2,4.798472661011993,0.5805838228016577
1,SSP2,4.8483827399102175,0.5888039504296044
1,SSP2,4.898523733352377,0.5970029283762938
1,SSP2,4.948837912702489,0.6051520112864398
1,SSP2,4.999325277960553,0.6132470533053354
1,SSP2,5.049985829126569,0.6212842390700414
1,SSP2,5.100819566200537,0.6292600428586212
1,SSP2,5.151826489182456,0.6371711945598466
1,SSP2,5.203006598072329,0.6450146512705806
1,SSP2,5.254359892870153,0.6527875735553144
1,SSP2,5.3058863735759285,0.6604873055811754
1,SSP2,5.3575860401896565,0.6681113584835091
1,SSP2,5.409458892711336,0.6756832027099701
1,SSP2,5.461447202504984,0.6831777455064614
1,SSP2,5.5135509695706,0.6905917993013233
1,SSP2,5.565770193908184,0.6979224937663079
1,SSP2,5.618104875517736,0.7051672393780417
1,SSP2,5.670555014399256,0.7123236967761576
1,SSP2,5.723120610552745,0.7193897509231084
1,SSP2,5.7758016639782,0.7263634892555406
1,SSP2,5.828598174675625,0.7332431831636755
1,SSP2,5.881510142645016,0.7400272722521984
1,SSP2,5.934537567886376,0.7467366212059936
1,SSP2,5.98762272176372,0.753350119933065
1,SSP2,6.040765604277048,0.7598656920801963
1,SSP2,6.09396621542636,0.766281550713908
1,SSP2,6.147224555211656,0.772596166245114
1,SSP2,6.200540623632937,0.7788082391601057
1,SSP2,6.253914420690201,0.7849166767541855
1,SSP2,6.307345946383448,0.7909205732092623
1,SSP2,6.36083520071268,0.7968191924727254
1,SSP2,6.414382183677896,0.8026119534883387
1,SSP2,6.467986895279096,0.8083171411625313
1,SSP2,6.521591606880297,0.813917693525913
1,SSP2,6.575196318481497,0.8194126414003652
1,SSP2,6.628801030082697,0.8248012657484212
1,SSP2,6.682405741683898,0.8300830694930449
1,SSP2,6.736010453285099,0.8352577533287439
1,SSP2,6.789615164886299,0.8403251948756864
1,SSP2,6.843219876487499,0.8452854306424741
1,SSP2,6.896824588088699,0.8501386403551197
1,SSP2,6.9504292996899,0.8548851332843513
1,SSP2,7.0040340112911,0.8595253362642161
1,SSP2,7.0576387228923005,0.8640597831448751
1,SSP2,7.111243434493501,0.8684891054636639
1,SSP2,7.164848146094702,0.8728140241526132
1,SSP2,7.218452857695902,0.877035342129024
1,SSP2,7.272057569297102,0.8811539376394348
1,SSP2,7.325662280898302,0.8851707582472321
1,SSP2,7.379266992499503,0.8890868153709208
1,SSP2,7.4328717041007035,0.8929031792942236
1,SSP2,7.486476415701904,0.8966209745811623
1,SSP2,7.540081127303104,0.900241375839438
1,SSP2,7.593685838904305,0.9037656037840701
1,SSP2,7.647290550505505,0.907194921560614
1,SSP2,7.700895262106705,0.9105306312935526
1,SSP2,7.7544999737079054,0.9137740708308167
1,SSP2,7.8081046853091065,0.9169266106599698
1,SSP2,7.861709396910307,0.9199896509755126
1,SSP2,7.915314108511507,0.922964618880123
1,SSP2,7.968918820112707,0.9258529657055281
1,SSP2,8.022523531713908,0.928656164441175
1,SSP2,8.07612824331511,0.9313757072610006
1,SSP2,8.129732954916308,0.9340131031404223
1,SSP2,8.18333766651751,0.9365698755572519
1,SSP2,8.23694237811871,0.9390475602715818
1,SSP2,8.29054708971991,0.9414477031808502
1,SSP2,8.344151801321111,0.94377185824728
1,SSP2,8.39775651292231,0.9460215854957041
1,SSP2,8.451361224523511,0.9481984490804825
1,SSP2,8.504965936124712,0.9503040154207527
1,SSP2,8.558570647725912,0.9523398514036863
1,SSP2,8.612175359327113,0.9543075226557131
1,SSP2,8.665780070928314,0.9562085918818699
1,SSP2,8.719384782529513,0.9580446172735052
1,SSP2,8.772989494130714,0.959817150984561
1,SSP2,8.826594205731915,0.9615277376765519
1,SSP2,8.880198917333114,0.9631779131321956
1,SSP2,8.933803628934315,0.9647692029374269
1,SSP2,8.987408340535515,0.9663031212312667
1,SSP2,9.041013052136716,0.9677811695227482
1,SSP3,1.01,0.0
1,SSP3,1.0389227341998,0.0
1,SSP3,1.0682806934042801,0.00018721942966903882
1,SSP3,1.09807387761344,0.0005591934671769216
1,SSP3,1.12830228682728,0.0011133746414202506
1,SSP3,1.1589659210458,0.0018472935526876455
1,SSP3,1.190064780269,0.002758676432006446
1,SSP3,1.22159886449688,0.003845521699365362
1,SSP3,1.25356817372944,0.00510614079567695
1,SSP3,1.28597270796668,0.006539170115998916
1,SSP3,1.3188124672086,0.008143561195185
1,SSP3,1.3520874514552,0.009930815182811248
1,SSP3,1.3855282800306599,0.011890078403171245
1,SSP3,1.41913495293498,0.014019309429409876
1,SSP3,1.45290747016816,0.016316654263623054
1,SSP3,1.4868458317302,0.018780411872116654
1,SSP3,1.5209500376211,0.021409003258863413
1,SSP3,1.5552200878408597,0.02420094398206807
1,SSP3,1.58965598238948,0.027154819925767182
1,SSP3,1.62425772126696,0.030269266084579804
1,SSP3,1.6590253044733,0.03354294809393976
1,SSP3,1.6939587320085,0.036986956817459005
1,SSP3,1.72918869745084,0.04058970481158264
1,SSP3,1.7647152008003197,0.044350422579928495
1,SSP3,1.8005382420569398,0.04826829552756906
1,SSP3,1.8366578212206996,0.05234245953402339
1,SSP3,1.8730739382915997,0.05657199680020142
1,SSP3,1.9097865932696396,0.06095593195994531
1,SSP3,1.9467957861548197,0.06549322845080496
1,SSP3,1.9841015169471397,0.07018278514099152
1,SSP3,2.0217037856466,0.07502343321067628
1,SSP3,2.0596025922531997,0.08001904680894834
1,SSP3,2.09751255861738,0.08516493773751455
1,SSP3,2.13543368473914,0.09045763602601586
1,SSP3,2.17336597061848,0.0958937216389506
1,SSP3,2.2113094162554,0.10146981313164072
1,SSP3,2.2492640216499,0.10718255802340426
1,SSP3,2.28722978680198,0.11302862462686925
1,SSP3,2.3252067117116395,0.1190046951242083
1,SSP3,2.3631947963788793,0.12510745972065518
1,SSP3,2.4011940408036994,0.13133361173618274
1,SSP3,2.4392044449860997,0.13766847617119216
1,SSP3,2.4773718072946593,0.14411927889423382
1,SSP3,2.5156961277293792,0.15068375322718208
1,SSP3,2.5541774062902594,0.15735954856482004
1,SSP3,2.5928156429772997,0.1641442342287831
1,SSP3,2.6316108377904994,0.1710353031247418
1,SSP3,2.6705629907298594,0.17803017523409626
1,SSP3,2.7096721017953795,0.18512620096723142
1,SSP3,2.7489381709870595,0.19232066440166395
1,SSP3,2.7883611983048997,0.19961078642519814
1,SSP3,2.8279411837488997,0.2069866509043159
1,SSP3,2.8677126269288995,0.21445168561486327
1,SSP3,2.9076755278448996,0.22200331676617457
1,SSP3,2.9478298864968995,0.22963887989694998
1,SSP3,2.9881757028848996,0.23735562672867005
1,SSP3,3.028712977008899,0.24515073156316802
1,SSP3,3.0694417088689,0.2530212972707233
1,SSP3,3.1103618984649,0.26096436091183883
1,SSP3,3.1514735457968994,0.2689768990325354
1,SSP3,3.1927766508649,0.2770558326696173
1,SSP3,3.234271213668899,0.28518928862511306
1,SSP3,3.2760171072368998,0.29338165034797403
1,SSP3,3.3180143315689,0.3016303083480003
1,SSP3,3.3602628866648994,0.3099325463847087
1,SSP3,3.4027627725248992,0.3182855527010495
1,SSP3,3.4455139891488997,0.3266864303116026
1,SSP3,3.4885165365369,0.335132206438181
1,SSP3,3.5317704146889,0.34361984118011635
1,SSP3,3.5752756236048997,0.35214623550023805
1,SSP3,3.619032163284899,0.36070823860102186
1,SSP3,3.6630400337288993,0.3692881754303978
1,SSP3,3.7073886994842393,0.3778951558802375
1,SSP3,3.7520781605509193,0.38652690194416794
1,SSP3,3.797108416928939,0.3951809825629995
1,SSP3,3.842479468618299,0.403854832954317
1,SSP3,3.8881913156189993,0.4125457720934218
1,SSP3,3.934243957931039,0.4212510185131024
1,SSP3,3.980637395554419,0.4299677045845103
1,SSP3,4.027371628489139,0.438692889433304
1,SSP3,4.0744466567352,0.44742357063534266
1,SSP3,4.121862480292599,0.45615669482529575
1,SSP3,4.1696190991613395,0.4648891673402282
1,SSP3,4.217716513341419,0.473617861008911
1,SSP3,4.266154722832839,0.4823396241866147
1,SSP3,4.314933727635599,0.49105128812466403
1,SSP3,4.364053527749699,0.49974967375418733
1,SSP3,4.41351412317514,0.5084315979543652
1,SSP3,4.46331551391192,0.5170938793670865
1,SSP3,4.51345769996004,0.5257333438122748
1,SSP3,4.563940681319499,0.5343468293512084
1,SSP3,4.614764457990299,0.5429404666682917
1,SSP3,4.665860870910172,0.5515052711390014
1,SSP3,4.717229920079116,0.5600370164308297
1,SSP3,4.768871605497132,0.5685316819992833
1,SSP3,4.82078592716422,0.576985432486406
1,SSP3,4.8729728850803795,0.5853946004249543
1,SSP3,4.925432479245612,0.5937556717434075
1,SSP3,4.978164709659915,0.6020652736477519
1,SSP3,5.0311695763232915,0.6103201645222633
1,SSP3,5.08444707923574,0.6185172255462322
1,SSP3,5.13799721839726,0.6266615038201866
1,SSP3,5.191751834745584,0.634745108277943
1,SSP3,5.245710928280712,0.6427642570434065
1,SSP3,5.299874499002644,0.6507154285760572
1,SSP3,5.3542425469113795,0.6585953363428649
1,SSP3,5.408815072006919,0.6664009073961003
1,SSP3,5.463592074289263,0.6741292642360642
1,SSP3,5.5185735537584115,0.6817777094417489
1,SSP3,5.573759510414364,0.6893437126370107
1,SSP3,5.62914994425712,0.696824899429008
1,SSP3,5.68474485528668,0.704225916685105
1,SSP3,5.740476084440775,0.7115404585078444
1,SSP3,5.796343631719408,0.7187657099222216
1,SSP3,5.852347497122576,0.7258991211132356
1,SSP3,5.90848768065028,0.7329383828086492
1,SSP3,5.9647641823025195,0.739881405224525
1,SSP3,6.021177002079296,0.7467263000074693
1,SSP3,6.077726139980608,0.7534713647019283
1,SSP3,6.134411596006455,0.7601150693478878
1,SSP3,6.191233370156839,0.7666560448775046
1,SSP3,6.248191462431758,0.7730988292839036
1,SSP3,6.305217713768946,0.7794388387206717
1,SSP3,6.362312124168402,0.7856744095532224
1,SSP3,6.419474693630126,0.7918041250717367
1,SSP3,6.476705422154118,0.7978267924989607
1,SSP3,6.534004309740378,0.8037414230861136
1,SSP3,6.5913713563889065,0.8095472148146965
1,SSP3,6.648806562099702,0.8152435373014222
1,SSP3,6.706309926872767,0.8208299185686093
1,SSP3,6.763881450708099,0.8263060333960713
1,SSP3,6.8215211336057,0.83167640803321
1,SSP3,6.879160816503299,0.8369381092002488
1,SSP3,6.9368004994009,0.8420906036680227
1,SSP3,6.994440182298501,0.8471335697764817
1,SSP3,7.0520798651961005,0.8520668764389867
1,SSP3,7.109719548093701,0.8568905647907893
1,SSP3,7.167359230991302,0.8616048320804635
1,SSP3,7.224998913888902,0.8662100174682672
1,SSP3,7.282638596786502,0.8707065894491248
1,SSP3,7.340278279684102,0.8750951346623985
1,SSP3,7.397917962581703,0.8793763478876165
1,SSP3,7.4555576454793036,0.8835510230562169
1,SSP3,7.513197328376903,0.8876200451352758
1,SSP3,7.570837011274504,0.8915843827609894
1,SSP3,7.628476694172105,0.895445081518079
1,SSP3,7.6861163770697045,0.8992032577768653
1,SSP3,7.743756059967305,0.9028600930129757
1,SSP3,7.801395742864905,0.9064168285458869
1,SSP3,7.859035425762506,0.909874760642078
1,SSP3,7.916675108660106,0.913235235936733
1,SSP3,7.974314791557706,0.9164996471349063
1,SSP3,8.031954474455308,0.919669428959017
1,SSP3,8.089594157352908,0.9227460543146326
1,SSP3,8.147233840250507,0.925731030650856
1,SSP3,8.204873523148109,0.9286258964953511
1,SSP3,8.262513206045709,0.9314322181472273
1,SSP3,8.320152888943309,0.9341515865137273
1,SSP3,8.37779257184091,0.9367856140789854
1,SSP3,8.43543225473851,0.9393359319951233
1,SSP3,8.49307193763611,0.9418041872876491
1,SSP3,8.550711620533711,0.9441920401685867
1,SSP3,8.608351303431311,0.9465011614520125
1,SSP3,8.66599098632891,0.9487332300677439
1,SSP3,8.723630669226512,0.9508899306698351
1,SSP3,8.781270352124112,0.9529729513373104
1,SSP3,8.838910035021712,0.9549839813652147
1,SSP3,8.896549717919314,0.9569247091445965
1,SSP3,8.954189400816913,0.9587968201304738
1,SSP3,9.011829083714513,0.9606019948971629
1,SSP3,9.069468766612113,0.9623419072805863
1,SSP3,9.127108449509715,0.9640182226073233
1,SSP3,9.184748132407314,0.965632596010218
1,SSP3,9.242387815304914,0.9671866708303364
1,SSP3,9.300027498202514,0.9686820771049575
1,SSP3,9.357667181100116,0.9701204301411146
1,SSP3,9.415306863997715,0.971503329173979
1,SSP3,9.472946546895315,0.9728323561091072
1,SSP3,9.530586229792917,0.9741090743472869
1,SSP3,9.588225912690516,0.9753350276904084
1,SSP4,1.01,0.0
1,SSP4,1.0363276553798,0.0
1,SSP4,1.0630163889109001,0.00016879904362587794
1,SSP4,1.0900662005933,0.0005039566867885981
1,SSP4,1.117477090427,0.001002923066848238
1,SSP4,1.145249058412,0.0016632230313324836
1,SSP4,1.1733821045483,0.002482588434871591
1,SSP4,1.2018762288359,0.0034590415192572443
1,SSP4,1.2307314312748001,0.004590936473110041
1,SSP4,1.259947711865,0.005876968156558693
1,SSP4,1.2895250706065,0.0073161571295816685
1,SSP4,1.3194635074993,0.008906299713439703
1,SSP4,1.3495592634983802,0.010648492637029827
1,SSP4,1.37981233860374,0.012541201533095236
1,SSP4,1.41022273281538,0.014583108692256319
1,SSP4,1.4407904461333,0.016773069826558018
1,SSP4,1.4715154785575,0.019110074547546985
1,SSP4,1.50239783008798,0.02159321128490488
1,SSP4,1.53343750072474,0.02422163684663947
1,SSP4,1.56463449046778,0.026994550483642632
1,SSP4,1.5959887993171,0.029911172122273122
1,SSP4,1.6275004272727,0.03297560761505225
1,SSP4,1.65898500478206,0.03618357554568297
1,SSP4,1.69044253184518,0.03953282790396151
1,SSP4,1.72187300846206,0.04302115842066967
1,SSP4,1.7532764346327,0.04664639060562581
1,SSP4,1.7846528103571,0.050406367719869394
1,SSP4,1.81600213563526,0.05429894438338545
1,SSP4,1.84732441046718,0.05832197956972762
1,SSP4,1.87861963485286,0.06247333077990991
1,SSP4,1.9098878087923,0.0667508492216824
1,SSP4,1.9411289322854999,0.07115560955306632
1,SSP4,1.97224687974072,0.07568419436578844
1,SSP4,2.00324165115796,0.08033339017927865
1,SSP4,2.03411324653722,0.08510005537033871
1,SSP4,2.0648616658785,0.08998110871899812
1,SSP4,2.0954869091818003,0.09497351981339319
1,SSP4,2.12598897644712,0.10007430099968961
1,SSP4,2.1563678676744598,0.10528050062842986
1,SSP4,2.18662358286382,0.11058919739809281
1,SSP4,2.2167561220152,0.11599749563429418
1,SSP4,2.2467654851286,0.12150042916239734
1,SSP4,2.2767314935113,0.12709875774637514
1,SSP4,2.3066541471633,0.13278978526920593
1,SSP4,2.3365334460845997,0.1385708532420573
1,SSP4,2.3663693902752,0.14443933405693254
1,SSP4,2.3961619797351,0.1503926253510861
1,SSP4,2.4259112144643,0.15642814531721116
1,SSP4,2.4556170944628,0.1625433288231133
1,SSP4,2.4852796197306,0.16873562422782462
1,SSP4,2.5148987902677,0.17500249079947272
1,SSP4,2.5444746060741,0.18134731476642219
1,SSP4,2.57400917908494,0.18776429363114966
1,SSP4,2.6035025093002195,0.19425031044648544
1,SSP4,2.63295459671994,0.2008023485216408
1,SSP4,2.6623654413441,0.20741747704538982
1,SSP4,2.6917350431727,0.21409283904114784
1,SSP4,2.72106340220574,0.22082564127218807
1,SSP4,2.75035051844322,0.22761314578706293
1,SSP4,2.7795963918851396,0.23445266285156996
1,SSP4,2.8088010225314997,0.24134154505794947
1,SSP4,2.8379644103823,0.24827867173499696
1,SSP4,2.86698503978156,0.25526160036411283
1,SSP4,2.8958629107292797,0.26228689121832227
1,SSP4,2.92459802322546,0.2693512237094644
1,SSP4,2.9531903772701,0.27645138394809154
1,SSP4,2.9816399728632,0.283584254213465
1,SSP4,3.00994681000476,0.29074680404257114
1,SSP4,3.0381108886947796,0.2979360826958224
1,SSP4,3.0661322089332597,0.305149212796453
1,SSP4,3.0940107707201996,0.31238338497262363
1,SSP4,3.1217465740556003,0.31963553529975464
1,SSP4,3.1494590484178797,0.32690404715729526
1,SSP4,3.1771481938070396,0.334186686392427
1,SSP4,3.20481401022308,0.3414812602254593
1,SSP4,3.232456497666,0.3487856137797045
1,SSP4,3.2600756561358004,0.35609762725238103
1,SSP4,3.2876714856324796,0.3634152136329394
1,SSP4,3.31524398615604,0.37073631688871167
1,SSP4,3.3427931577064802,0.37805891054914764
1,SSP4,3.3703190002838,0.38538099662945724
1,SSP4,3.397821513888,0.39270060484261693
1,SSP4,3.42530069851908,0.40001579205562
1,SSP4,3.45275655417704,0.40732464195177664
1,SSP4,3.48018908086188,0.4146252648659645
1,SSP4,3.5075982785736004,0.4219157977641288
1,SSP4,3.5349841473122003,0.4291944043421181
1,SSP4,3.5623466870776808,0.43645927522224826
1,SSP4,3.58968589787004,0.4437086282288374
1,SSP4,3.6170017796892804,0.4509407087264481
1,SSP4,3.6442943325354005,0.45815379000675405
1,SSP4,3.6715635564084,0.4653587125474159
1,SSP4,3.6988141171029048,0.4725431480790676
1,SSP4,3.7260460146189125,0.4797049609866981
1,SSP4,3.7532592489564243,0.48684212877651123
1,SSP4,3.78045382011544,0.49395273031430276
1,SSP4,3.807629728095961,0.5010349357827719
1,SSP4,3.8347869728979846,0.5080869981054931
1,SSP4,3.8619255545215125,0.5151072456241613
1,SSP4,3.8890454729665445,0.5220940758479725
1,SSP4,3.9161467282330804,0.5290459501208971
1,SSP4,3.9432293203211204,0.5359730705038853
1,SSP4,3.970297915025289,0.5428640699893889
1,SSP4,3.997352512345585,0.5497171142583199
1,SSP4,4.0243931122820085,0.556530496455199
1,SSP4,4.0514197148345605,0.5633026231921557
1,SSP4,4.078432320003241,0.5700320025892021
1,SSP4,4.105430927788049,0.5767172340468851
1,SSP4,4.132415538188985,0.5833569994954597
1,SSP4,4.159386151206049,0.5899500559043338
1,SSP4,4.186342766839241,0.5964952288684183
1,SSP4,4.213285385088561,0.6030021404388228
1,SSP4,4.240218671748633,0.6094605903649611
1,SSP4,4.267142626819457,0.6158691549132185
1,SSP4,4.294057250301033,0.6222265330618308
1,SSP4,4.320962542193361,0.6285315328712497
1,SSP4,4.347858502496441,0.6347830598170262
1,SSP4,4.374745131210273,0.6409801067926594
1,SSP4,4.401622428334857,0.647121745535919
1,SSP4,4.428490393870193,0.6532071192702409
1,SSP4,4.455349027816281,0.6592354363844195
1,SSP4,4.482198330173121,0.6652156982217993
1,SSP4,4.509042966735337,0.6711389242667898
1,SSP4,4.5358829375029295,0.6770041024687616
1,SSP4,4.562718242475897,0.6828103334191009
1,SSP4,4.589548881654242,0.6885568177056476
1,SSP4,4.616374855037962,0.6942428450638245
1,SSP4,4.643196162627057,0.6998677850582458
1,SSP4,4.670012804421529,0.7054310790701274
1,SSP4,4.696824780421377,0.7109322334002481
1,SSP4,4.723632090626601,0.7163708133258853
1,SSP4,4.7504347350372,0.7217551542282562
1,SSP4,4.777237379447801,0.72707748248583
1,SSP4,4.8040400238584,0.7323371654996624
1,SSP4,4.830842668269,0.7375336712789079
1,SSP4,4.8576453126796,0.742666556923339
1,SSP4,4.8844479570902,0.7477354587210071
1,SSP4,4.911250601500799,0.7527400836234244
1,SSP4,4.938053245911399,0.7576802018973536
1,SSP4,4.964855890321999,0.7625556407828247
1,SSP4,4.991658534732599,0.7673662790124717
1,SSP4,5.018461179143198,0.7721120420686731
1,SSP4,5.045263823553798,0.7767928980729603
1,SSP4,5.072066467964398,0.7814088542173642
1,SSP4,5.098869112374998,0.785959953660252
1,SSP4,5.125671756785597,0.7904462728201535
1,SSP4,5.152474401196197,0.7948679190104141
1,SSP4,5.179277045606797,0.7992250283654754
1,SSP4,5.206079690017397,0.8035177640164127
1,SSP4,5.232882334427996,0.8077463144792014
1,SSP4,5.259684978838596,0.811910892224208
1,SSP4,5.286487623249196,0.8160117323997111
1,SSP4,5.313290267659796,0.820049091685977
1,SSP4,5.3400929120703955,0.8240232472596011
1,SSP4,5.366895556480996,0.8279344958505999
1,SSP4,5.3936982008915955,0.8317831528771107
1,SSP4,5.420500845302195,0.8355695516446362
1,SSP4,5.4473034897127945,0.8392940425985713
1,SSP4,5.474106134123395,0.8429569926203357
1,SSP4,5.5009087785339945,0.8465587843588368
1,SSP4,5.527711422944594,0.8500998155902447
1,SSP4,5.5545140673551945,0.853580498600196
1,SSP4,5.581316711765794,0.857001259583585
1,SSP4,5.608119356176394,0.8603625380580698
1,SSP4,5.634922000586993,0.8636647862883254
1,SSP4,5.6617246449975935,0.8669084687189199
1,SSP4,5.688527289408193,0.8700940614144947
1,SSP4,5.715329933818793,0.87322205150666
1,SSP4,5.742132578229392,0.8762929366476968
1,SSP4,5.768935222639993,0.8793072244717515
1,SSP4,5.795737867050592,0.8822654320647154
1,SSP4,5.822540511461192,0.8851680854443871
1,SSP4,5.849343155871792,0.8880157190527953
1,SSP4,5.876145800282392,0.8908088752627226
1,SSP4,5.902948444692991,0.893548103900489
1,SSP4,5.929751089103591,0.8962339617869505
1,SSP4,5.956553733514191,0.8988670122984329
1,SSP4,5.983356377924791,0.9014478249489776
1,SSP4,6.01015902233539,0.9039769749948401
1,SSP4,6.036961666745991,0.9064550430616851
1,SSP5,1.01,0.0
1,SSP5,1.0389109568286,0.0
1,SSP5,1.06866878049654,0.00018151647119601932
1,SSP5,1.0992734710038201,0.0005451561252622916
1,SSP5,1.13072502835044,0.0010910421041636642
1,SSP5,1.1630234525364,0.0018191632597306384
1,SSP5,1.1961687435617,0.002729629705457093
1,SSP5,1.23016090142634,0.0038228344147226423
1,SSP5,1.26499992613032,0.005099533630324782
1,SSP5,1.30068581767364,0.0065608649214028425
1,SSP5,1.3372185760563,0.008208322445116378
1,SSP5,1.3745982012783,0.01000788987983503
1,SSP5,1.4127477112585,0.011993846205065273
1,SSP5,1.4516671059969,0.014168135990861419
1,SSP5,1.4913563854935,0.0165329747330214
1,SSP5,1.5318155497483,0.019090738642616456
1,SSP5,1.5730445987613,0.021843867929857153
1,SSP5,1.6150435325324999,0.02479478719089978
1,SSP5,1.6578123510619,0.027945842920397812
1,SSP5,1.7013510543495,0.03129925628139163
1,SSP5,1.7456596423953,0.0348570885122903
1,SSP5,1.7907381151993,0.038596814524481715
1,SSP5,1.8366680512392999,0.04254273814054943
1,SSP5,1.8834494505152999,0.04669724911517181
1,SSP5,1.9310823130273,0.05106243796799337
1,SSP5,1.9795666387753,0.05564009466403741
1,SSP5,2.0289024277593,0.06043171062895425
1,SSP5,2.0790896799793,0.06543848252632567
1,SSP5,2.1301283954353,0.07066131675107945
1,SSP5,2.1820185741272997,0.07610083397887846
1,SSP5,2.2347602160553,0.08175737338423383
1,SSP5,2.2883533212193,0.08760295444363897
1,SSP5,2.342461547732,0.09366377281056182
1,SSP5,2.3970848955934,0.09993777282157734
1,SSP5,2.4522233648035,0.10642266554718294
1,SSP5,2.5078769553623,0.11311593419485888
1,SSP5,2.5640456672697995,0.12001483946738101
1,SSP5,2.620729500526,0.12711642477409435
1,SSP5,2.6779284551308997,0.1344175212521106
1,SSP5,2.7356425310844994,0.141914752593574
1,SSP5,2.7938717283868,0.14960453969984355
1,SSP5,2.8526160470377997,0.15744324001833054
1,SSP5,2.9120303627523,0.16546403160257595
1,SSP5,2.9721146755302996,0.17366454469328718
1,SSP5,3.0328689853718,0.18204200470657894
1,SSP5,3.0942932922767996,0.1905932636901464
1,SSP5,3.1563875962453,0.19931482843628245
1,SSP5,3.2191518972772997,0.20820288552260036
1,SSP5,3.2825861953728,0.21725332360432992
1,SSP5,3.3466904905318,0.2264617532996165
1,SSP5,3.4114647827543,0.23582352500416093
1,SSP5,3.4769090720403,0.24530216143145878
1,SSP5,3.5426557737166995,0.25492279769469794
1,SSP5,3.6087048877834995,0.2646787250321043
1,SSP5,3.6750564142407,0.2745630810073594
1,SSP5,3.7417103530882994,0.28456886913535717
1,SSP5,3.808666704326299,0.29468897690759754
1,SSP5,3.8759254679546995,0.3049161924262369
1,SSP5,3.9434866439734995,0.3152432198391175
1,SSP5,4.011350232382699,0.3256626937486047
1,SSP5,4.079516233182299,0.33616719274666096
1,SSP5,4.147984646372299,0.346716443626093
1,SSP5,4.216576471814699,0.3573345156755907
1,SSP5,4.285291709509499,0.3680136675112222
1,SSP5,4.3541303594567,0.37874611268373704
1,SSP5,4.423092421656299,0.38952404397018614
1,SSP5,4.492177896108299,0.40033965534664984
1,SSP5,4.5613867828127,0.4111851619014726
1,SSP5,4.6307190817695,0.42205281792485483
1,SSP5,4.700174792978699,0.4329349333858037
1,SSP5,4.769753916440299,0.44382388898281633
1,SSP5,4.8394564521543,0.4546885306214876
1,SSP5,4.9091271567582995,0.46554464442264476
1,SSP5,4.978766030252299,0.47638462306535523
1,SSP5,5.048373072636299,0.4872009779057822
1,SSP5,5.117948283910299,0.4979863555229811
1,SSP5,5.187491664074299,0.5087335523774773
1,SSP5,5.257003213128299,0.5194355277838862
1,SSP5,5.326482931072299,0.5300854153749733
1,SSP5,5.395930817906299,0.540676533212554
1,SSP5,5.465346873630299,0.5512023926807221
1,SSP5,5.534731098244299,0.5616567062790847
1,SSP5,5.604083491748299,0.5720333944179734
1,SSP5,5.673404054142299,0.5823265913038302
1,SSP5,5.742692785426299,0.5925306499910307
1,SSP5,5.811949685600299,0.6026401466661108
1,SSP5,5.881174754664299,0.6126498842215563
1,SSP5,5.950367992618299,0.6225548951688197
1,SSP5,6.019529399462299,0.6323504439339007
1,SSP5,6.088658975196299,0.6420320285734986
1,SSP5,6.1577567198202985,0.6515953819453186
1,SSP5,6.226822633334299,0.6610836828444759
1,SSP5,6.295863081960299,0.6704490501329222
1,SSP5,6.364878065698298,0.6796864144102835
1,SSP5,6.433867584548299,0.6887912473502639
1,SSP5,6.502831638510298,0.6977595079930149
1,SSP5,6.571770227584299,0.7065875973664005
1,SSP5,6.640683351770298,0.7152723199464499
1,SSP5,6.709571011068299,0.7238108507502176
1,SSP5,6.778433205478298,0.732200707078101
1,SSP5,6.847269935000298,0.740439724101039
1,SSP5,6.916081199634299,0.7485650014774134
1,SSP5,6.984873365602299,0.7565381328676356
1,SSP5,7.053646432904299,0.7643566280426302
1,SSP5,7.122400401540299,0.772018481641467
1,SSP5,7.191135271510298,0.7795221191334094
1,SSP5,7.259851042814298,0.7868663509316838
1,SSP5,7.328547715452299,0.7940503332119515
1,SSP5,7.3972252894242985,0.801073534265975
1,SSP5,7.4658837647302985,0.8079357054399939
1,SSP5,7.534523141370299,0.8146368558814832
1,SSP5,7.603143419344298,0.8212081127139581
1,SSP5,7.671750964874299,0.8276204369275952
1,SSP5,7.740345777960299,0.8338736206023811
1,SSP5,7.808927858602299,0.839967819422136
1,SSP5,7.877497206800299,0.8459035080406789
1,SSP5,7.9460538225542985,0.851681441894157
1,SSP5,8.014597705864299,0.8573026243555908
1,SSP5,8.0831288567303,0.8627682783337767
1,SSP5,8.1516472751523,0.8680798215827057
1,SSP5,8.2201529611303,0.8732388451190692
1,SSP5,8.288645914664299,0.8782704997958212
1,SSP5,8.3571325019763,0.8831540822491435
1,SSP5,8.4256127230663,0.8878909705104642
1,SSP5,8.494086577934299,0.8924827847092014
1,SSP5,8.562554066580299,0.8969313523043572
1,SSP5,8.631015189004298,0.9012386782169199
1,SSP5,8.6994699452063,0.90540691905654
1,SSP5,8.7679183351863,0.9094383607818567
1,SSP5,8.8363603589443,0.9133353992510115
1,SSP5,8.904796016480299,0.9171005232135278
1,SSP5,8.9732253077943,0.9207532173418524
1,SSP5,9.041654599108298,0.9242796374112734
1,SSP5,9.110083890422297,0.9276820310498953
1,SSP5,9.178513181736298,0.9309627837722144
1,SSP5,9.246942473050296,0.9341243932431894
1,SSP5,9.315371764364297,0.9371694471993564
1,SSP5,9.383801055678296,0.9401006044451694
1,SSP5,9.452230346992296,0.9429205784449564
1,SSP5,9.520659638306295,0.9456321231135715
1,SSP5,9.589088929620296,0.9482380204760785
1,SSP5,9.657518220934294,0.9507410699217638
1,SSP5,9.725947512248293,0.9531440788228945
1,SSP5,9.794376803562294,0.9554498543258244
1,SSP5,9.862806094876293,0.9576611961528041
1,SSP5,9.931235386190293,0.9597808902783853
1,SSP5,9.999664677504292,0.9618117033655491
1,SSP5,10.068093968818292,0.9637563778644196
1,SSP5,10.136523260132291,0.9656176276912461
1,SSP5,10.204952551446292,0.9673981344177576
1,SSP5,10.27338184276029,0.9691005439114112
1,SSP5,10.34181113407429,0.9707274633758128
1,SSP5,10.41024042538829,0.9722814587479419
1,SSP5,10.478669716702289,0.9737650524150117
1,SSP5,10.54709900801629,0.9751807212190045
1,SSP5,10.615528299330288,0.9765308947213113
1,SSP5,10.683957590644289,0.9778179537036057
1,SSP5,10.752386881958287,0.9790442288841896
1,SSP5,10.820816173272288,0.9802119998316792
1,SSP5,10.889245464586287,0.981323494060101
1,SSP5,10.957674755900285,0.9823808862913394
1,SSP5,11.026104047214286,0.9833862978724378
1,SSP5,11.094533338528285,0.984341796336587
1,SSP5,11.162962629842285,0.9852493950977472
1,SSP5,11.231391921156284,0.9861110532697941
1,SSP5,11.299821212470285,0.9869286756018769
1,SSP5,11.368250503784283,0.9877041125223465
1,SSP5,11.436679795098284,0.9884391602841804
1,SSP5,11.505109086412283,0.9891355612053083
1,SSP5,11.573538377726281,0.9897950039976436
1,SSP5,11.641967669040282,0.9904191241789633
1,SSP5,11.71039696035428,0.9910095045620568
1,SSP5,11.778826251668281,0.9915676758158013
1,SSP5,11.84725554298228,0.9920951170930108
1,SSP5,11.91568483429628,0.9925932567200725
1,SSP5,11.98411412561028,0.9930634729435146
1,SSP5,12.05254341692428,0.9935070947287725
1,SSP5,12.120972708238279,0.993925402606522
1,SSP5,12.189401999552278,0.9943196295620476
1,SSP5,12.257831290866278,0.9946909619632162
